"numerical_seed","pair_count","resolution","time_steps","time_step","q","h","rho","tau","conditional_variance_mean","conditional_variance_se","denominator_moment_mean","denominator_moment_se","numerator_rate_unit","denominator_rate_unit","transfer","transfer_se","corrected_ratio","corrected_ratio_se","runtime_seconds","replication"
941001,50000,"steps_64",64,3.9525e-05,0.0620420677969958,0.01581,0.4,0.0025296,0.000813599786373285,8.14239670833203e-06,0.251446167670657,0.00111926903185348,0.964895382321257,1.00578467068263,0.959345882321294,0.00860751082590716,0.153495341171407,0.00137720173214515,134.5,"primary"
941001,50000,"steps_64",64,6.17578125e-05,0.0620420677969958,0.01581,0.5,0.0039525,0.00126919977993868,1.27062302542113e-05,0.251570786706365,0.00111822957226083,0.963339491414557,1.00628314682546,0.957324481139946,0.00859141942653041,0.239331120284986,0.0021478548566326,134.5,"primary"
941001,50000,"steps_64",64,8.893125e-05,0.0620420677969958,0.01581,0.6,0.0056916,0.00182399538023143,1.82675993874692e-05,0.251720040964335,0.00111696025506648,0.961414389748804,1.00688016385734,0.954844900375872,0.00857157443610258,0.343744164135314,0.00308576679699693,134.5,"primary"
941001,50000,"steps_64",64,0.0001210453125,0.0620420677969958,0.01581,0.7,0.0077469,0.00247674530495194,2.48162169427288e-05,0.251893769969841,0.00111546399021376,0.959123767552931,1.00757507987936,0.951912950911576,0.00854802536017576,0.466437345946672,0.00418853242648613,134.5,"primary"
941001,50000,"steps_64",64,0.0001581,0.0620420677969958,0.01581,0.8,0.0101184,0.00322598860317307,3.23399043538744e-05,0.25209178838139,0.00111374419123198,0.956471953028068,1.00836715352556,0.948535411614657,0.008520830051804,0.607062663433381,0.00545333123315456,134.5,"primary"
941001,50000,"steps_64",64,0.0002000953125,0.0620420677969958,0.01581,0.9,0.0128061,0.00407005127461482,4.08246361506991e-05,0.252313886539667,0.00111180475565112,0.953463882356413,1.00925554615867,0.94471998294723,0.0084900542935039,0.765223186187256,0.00687694397773816,134.5,"primary"
941001,50000,"steps_64",64,0.00024703125,0.0620420677969958,0.01581,1,0.01581,0.00500705373920686,5.02545902090638e-05,0.25255983108025,0.00110965004295999,0.950105073853294,1.010239324321,0.940475242826128,0.00845577132372807,0.940475242826128,0.00845577132372807,134.5,"primary"
941001,50000,"steps_64",64,0.0002989078125,0.0620420677969958,0.01581,1.1,0.0191301,0.00603491911038346,6.06122034659009e-05,0.25282936560732,0.00110728485035862,0.946401604338209,1.01131746242928,0.935810602997858,0.00841806133037245,1.13233082962741,0.0101858542097507,134.5,"primary"
941001,50000,"steps_64",64,0.000355725,0.0620420677969958,0.01581,1.2,0.0227664,0.00715138222251455,7.18782328968513e-05,0.253122211425364,0.00110471438657018,0.942360086247436,1.01248884570146,0.930736264649479,0.00837701093118408,1.34026022109525,0.0120628957409051,134.5,"primary"
941001,50000,"steps_64",64,0.0004174828125,0.0620420677969958,0.01581,1.3,0.0267189,0.00835399935887975,8.40318216401209e-05,0.253438068325595,0.00110194424398575,0.93798764457516,1.01375227330238,0.92526317254963,0.0083327126555871,1.56369476160888,0.0140822843879422,134.5,"primary"
941001,50000,"steps_64",64,0.00048418125,0.0620420677969958,0.01581,1.4,0.0309876,0.00964015862282509,9.70505702040778e-05,0.253776615423598,0.00109898036941884,0.933291893159692,1.01510646169439,0.919402967450195,0.00828526443523814,1.80202981620238,0.0162391182930667,134.5,"primary"
941001,50000,"steps_64",64,0.0005558203125,0.0620420677969958,0.01581,1.5,0.0355725,0.011007090891067,0.000110910612691485,0.254137512044582,0.00109582903374488,0.928280910062579,1.01655004817833,0.913167936715039,0.00823476910365722,2.05462785760884,0.0185282304832288,134.5,"primary"
941001,50000,"steps_64",64,0.0006324,0.0620420677969958,0.01581,1.6,0.0404736,0.0124518812840053,0.000125586697902504,0.254520398652428,0.00109249680069522,0.922963211871834,1.01808159460971,0.906570963229777,0.00818133390040498,2.32082166586823,0.0209442147850367,134.5,"primary"
941001,50000,"steps_64",64,0.0007139203125,0.0620420677969958,0.01581,1.7,0.0456909,0.0139714810831695,0.00014105227505483,0.254924897818683,0.00108899049506598,0.917347726779476,1.01969959127473,0.899625472667587,0.00812506997325602,2.59991761600933,0.0234814522227099,134.5,"primary"
941001,50000,"steps_64",64,0.00080038125,0.0620420677969958,0.01581,1.8,0.0512244,0.0155627200208763,0.000157279583708297,0.255350615227486,0.00108531717059056,0.911443766303342,1.02140246090994,0.892345379206702,0.00806609187240089,2.89119902862972,0.0261341376665789,134.5,"primary"
941001,50000,"steps_64",64,0.0008917828125,0.0620420677969958,0.01581,1.9,0.0570741,0.0172223188624556,0.000174239747330897,0.255797140712458,0.001081484077711,0.905260995571841,1.02318856284983,0.88474502984129,0.00800451703301974,3.19392955772706,0.0288963064892013,134.5,"primary"
941001,50000,"steps_64",64,0.000988125,0.0620420677969958,0.01581,2,0.06324,0.0189469021977018,0.000191902869816392,0.25626404932142,0.00107749863146898,0.898809402168018,1.02505619728568,0.87683914750044,0.00794046524567568,3.50735659000176,0.0317618609827027,134.5,"primary"
941001,50000,"steps_64",64,0.0010894078125,0.0620420677969958,0.01581,2.1,0.0697221,0.0207330113560386,0.000210238134175412,0.256750902404843,0.00107336837972209,0.892099263621089,1.02700360961937,0.868642773272937,0.00787405811709272,3.83071463013365,0.0347245962963789,134.5,"primary"
941001,50000,"steps_64",64,0.00119563125,0.0620420677969958,0.01581,2.2,0.0765204,0.0225771173595216,0.00022921390257964,0.257257248723789,0.00106910097187638,0.88514111372346,1.02902899489516,0.860171208114155,0.00780541852654733,4.16322864727251,0.0377782256684891,134.5,"primary"
941001,50000,"steps_64",64,0.0013067953125,0.0620420677969958,0.01581,2.3,0.0836349,0.0244756338292957,0.000248797816943091,0.257782625573056,0.00106470412831103,0.8779457079268,1.03113050229223,0.851439954472405,0.00773467008505105,4.50411735915902,0.0409164047499201,134.5,"primary"
941001,50000,"steps_64",64,0.0014229,0.0620420677969958,0.01581,2.4,0.0910656,0.0264249297643557,0.000268956899271536,0.258326559915149,0.00106018561065714,0.870523988125782,1.0333062396606,0.842464658310508,0.00766193660565579,4.85259643186853,0.0441327548485773,134.5,"primary"
941001,50000,"steps_64",64,0.0015439453125,0.0620420677969958,0.01581,2.5,0.0988125,0.0284213421161782,0.000289657651092601,0.258888569520535,0.00105555319307837,0.862887047170495,1.03555427808214,0.833261052012236,0.00758734159357767,5.20788157507648,0.0474208849598605,134.5,"primary"
941001,50000,"steps_64",64,0.00166993125,0.0620420677969958,0.01581,2.6,0.1068756,0.0304611880886984,0.000310866151384812,0.259468164109585,0.00105081463468759,0.85504609345908,1.03787265643834,0.823844898653884,0.00751100776449025,5.56919151490025,0.0507744124879541,134.5,"primary"
941001,50000,"steps_64",64,0.0018008578125,0.0620420677969958,0.01581,2.7,0.1152549,0.0325407770998273,0.000332548152542453,0.260064846491479,0.00104597765322009,0.847012415953523,1.04025938596592,0.814231938092098,0.00743305659841299,5.9357508286914,0.0541869826024307,134.5,"primary"
941001,50000,"steps_64",64,0.001936725,0.0620420677969958,0.01581,2.8,0.1239504,0.0346564223479004,0.000354669174034462,0.260678113695249,0.0010410499000703,0.838797349937564,1.04271245478099,0.80443783527429,0.00735360793528,6.30679262855044,0.0576522862125952,134.5,"primary"
941001,50000,"steps_64",64,0.0020775328125,0.0620420677969958,0.01581,2.9,0.1329621,0.0368044519338013,0.000377194593531147,0.261307458088115,0.00103603893678497,0.83041224380033,1.04522983235246,0.794478131121988,0.00727277961668614,6.68156108273592,0.0611640765763305,134.5,"primary"
941001,50000,"steps_64",64,0.00222328125,0.0620420677969958,0.01581,3,0.14229,0.0389812194967523,0.000400089735376115,0.261952368476275,0.0010309522130916,0.821868427087335,1.0478094739051,0.784368196275511,0.00719068717663268,7.0593137664796,0.0647161845896941,134.5,"primary"
941001,50000,"steps_64",64,0.0023739703125,0.0620420677969958,0.01581,3.1,0.1519341,0.0411831143287376,0.000423319956368391,0.262612331183346,0.0010257970465265,0.813177180015631,1.05044932473338,0.774123187924391,0.00710744358244953,7.43932383595339,0.0683025328273399,134.5,"primary"
941001,50000,"steps_64",64,0.0025296,0.0620420677969958,0.01581,3.2,0.1618944,0.0434065709391013,0.000446850728887808,0.26328683110186,0.00102058060371183,0.804349704605618,1.05314732440744,0.763758009885456,0.00702315902552873,7.82088202122707,0.0719171484214142,134.5,"primary"
941001,50000,"steps_64",64,0.0026901703125,0.0620420677969958,0.01581,3.3,0.1721709,0.0456480780469846,0.000470647721442792,0.263975352713317,0.00101530988331638,0.795397097540604,1.05590141085327,0.75328727603257,0.0069379407601021,8.20329843599469,0.0755541748775119,134.5,"primary"
941001,50000,"steps_64",64,0.00285568125,0.0620420677969958,0.01581,3.4,0.1827636,0.0479041869848786,0.000494676876740259,0.264677381072733,0.00100999170071958,0.786330324827459,1.05870952429093,0.742725277128401,0.00685189298702989,8.58590420360431,0.0792078829300655,134.5,"primary"
941001,50000,"steps_64",64,0.0030261328125,0.0620420677969958,0.01581,3.5,0.1936725,0.0501715195016555,0.000518904487369998,0.265392402753837,0.00100463267438378,0.777160198298502,1.06156961101535,0.732085951061823,0.00676511677845423,8.96805290050733,0.0828726805360644,134.5,"primary"
941001,50000,"steps_128",128,1.97625e-05,0.0620420677969958,0.01581,0.4,0.0025296,0.000823307620927075,8.23578758997986e-06,0.251446319780108,0.00111925543908591,0.976408468841407,1.00578527912043,0.970792165197807,0.0087053993093904,0.155326746431649,0.00139286388950246,134.5,"primary"
941001,50000,"steps_128",128,3.087890625e-05,0.0620420677969958,0.01581,0.5,0.0039525,0.00128432307259395,1.28517659602301e-05,0.251570960142996,0.00111820837236069,0.974818271418561,1.00628384057199,0.968730920755381,0.00868896813538218,0.242182730188845,0.00217224203384554,134.5,"primary"
941001,50000,"steps_128",128,4.4465625e-05,0.0620420677969958,0.01581,0.6,0.0056916,0.00184569288146895,1.84764885008059e-05,0.251720221571071,0.00111692983589931,0.972850981166429,1.00688088628428,0.966202650600076,0.00866871312660903,0.347832954216027,0.00312073672557925,134.5,"primary"
941001,50000,"steps_128",128,6.052265625e-05,0.0620420677969958,0.01581,0.7,0.0077469,0.00250614902444088,2.50994431810759e-05,0.251893938155994,0.00111542279195911,0.970510407172242,1.00757575262397,0.963213341175385,0.00864468554724671,0.471974537175939,0.00423589591815089,134.5,"primary"
941001,50000,"steps_128",128,7.905e-05,0.0620420677969958,0.01581,0.8,0.0101184,0.00326419926385972,3.27081889140211e-05,0.25209191818987,0.00111369071506028,0.967801015138672,1.00836767275948,0.959769974071269,0.00861694523333062,0.614252783405612,0.0055148449493316,134.5,"primary"
941001,50000,"steps_128",128,0.00010004765625,0.0620420677969958,0.01581,0.9,0.0128061,0.00411813397436098,4.12884017384136e-05,0.252313944743124,0.00111173757177165,0.964727897102391,1.00925577897249,0.95588047866772,0.00858556016834491,0.774263187720853,0.00695430373635938,134.5,"primary"
941001,50000,"steps_128",128,0.000123515625,0.0620420677969958,0.01581,1,0.01581,0.00506603384719257,5.08239269766573e-05,0.252559776310203,0.00110956779797222,0.961296745197831,1.01023910524081,0.951553686855831,0.00855060600037573,0.951553686855831,0.00855060600037573,134.5,"primary"
941001,50000,"steps_128",128,0.00014945390625,0.0620420677969958,0.01581,1.1,0.0191301,0.00610577842363852,6.12968370604849e-05,0.252829147520162,0.00110718627385121,0.957513827471657,1.01131659008065,0.946799288040257,0.00851216552040446,1.14562713852871,0.0102997202796894,134.5,"primary"
941001,50000,"steps_128",128,0.0001778625,0.0620420677969958,0.01581,1.2,0.0227664,0.00723505540513246,7.2687494780437e-05,0.253121769908787,0.00110459829692443,0.953385964201515,1.01248707963515,0.941627783087436,0.00847032812078901,1.35594400764591,0.0121972724939362,134.5,"primary"
941001,50000,"steps_128",128,0.00020874140625,0.0620420677969958,0.01581,1.3,0.0267189,0.00845137068272401,8.4974621788392e-05,0.253437332748762,0.00110180955335243,0.948920503769693,1.01374933099505,0.936050436490328,0.00842518924958447,1.58192523766866,0.0142385698317978,134.5,"primary"
941001,50000,"steps_128",128,0.000242090625,0.0620420677969958,0.01581,1.4,0.0309876,0.00975205902421511,9.81353722381122e-05,0.253775503934044,0.00109882608784933,0.944125297623738,1.01510201573617,0.930079226509108,0.00837684987040636,1.82295528395785,0.0164186257459965,134.5,"primary"
941001,50000,"steps_128",128,0.00027791015625,0.0620420677969958,0.01581,1.5,0.0355725,0.0111342953535463,0.000112145411457631,0.254135930914491,0.00109565427246856,0.939008674134203,1.01654372365796,0.923726793329897,0.0083254159309155,2.07838528499227,0.0187321858445599,134.5,"primary"
941001,50000,"steps_128",128,0.0003162,0.0620420677969958,0.01581,1.6,0.0404736,0.0125951065532944,0.00012697899949507,0.254518241676604,0.00109230077454558,0.933579411267673,1.01807296670642,0.91700638539486,0.00827099783769374,2.34753634661084,0.021173754464496,134.5,"primary"
941001,50000,"steps_128",128,0.00035696015625,0.0620420677969958,0.01581,1.7,0.0456909,0.0141313837170265,0.000142609079272161,0.254922045766154,0.00108877252406762,0.927846708011431,1.01968818306462,0.909931804076458,0.0082137099323992,2.62970291378096,0.0237376217046337,134.5,"primary"
941001,50000,"steps_128",128,0.000400190625,0.0620420677969958,0.01581,1.8,0.0512244,0.0157398947738216,0.000159007368938512,0.255346935348322,0.0010850766807276,0.921820154486238,1.02138774139329,0.90251734686846,0.00815366996374988,2.92415620385381,0.0264178906825496,134.5,"primary"
941001,50000,"steps_128",128,0.00044589140625,0.0620420677969958,0.01581,1.9,0.0570741,0.0174172974030178,0.000176144457871387,0.25579248630098,0.00108122060090545,0.915509700705807,1.02316994520392,0.894777749285181,0.00809099855147843,3.2301476749195,0.0292085047708371,134.5,"primary"
941001,50000,"steps_128",128,0.0004940625,0.0620420677969958,0.01581,2,0.06324,0.0191601521538077,0.00019398990563476,0.256258259336637,0.00107721180480401,0.908925623994674,1.02503303734655,0.8867281257076,0.00802581864107852,3.5469125028304,0.0321032745643141,134.5,"primary"
941001,50000,"steps_128",128,0.00054470390625,0.0620420677969958,0.01581,2.1,0.0697221,0.0209649356822455,0.000212512343115415,0.25674380114848,0.00107305794395141,0.902078495150553,1.02697520459392,0.878383909480314,0.00795825495114085,3.87367304080818,0.0350959043345312,134.5,"primary"
941001,50000,"steps_128",128,0.000597815625,0.0620420677969958,0.01581,2.2,0.0765204,0.0228280540178721,0.000231679575002736,0.257248645575946,0.0010687667692656,0.894979143517496,1.02899458230378,0.869760792630956,0.00788843341778706,4.20964223633383,0.0381800177420894,134.5,"primary"
941001,50000,"steps_128",128,0.00065339765625,0.0620420677969958,0.01581,2.3,0.0836349,0.0247458557736519,0.000251458682775479,0.257772314785098,0.0010643460998614,0.887638621209038,1.03108925914039,0.86087466564151,0.00781648064282744,4.55402698124359,0.0413491826005572,134.5,"primary"
941001,50000,"steps_128",128,0.00071145,0.0620420677969958,0.01581,2.4,0.0910656,0.026714645216147,0.000271816127400344,0.258314320459044,0.00105980379276516,0.880068166776929,1.03325728183617,0.851741557739601,0.00774252335362568,4.9060313725801,0.0445969345168839,134.5,"primary"
941001,50000,"steps_128",128,0.00077197265625,0.0620420677969958,0.01581,2.5,0.0988125,0.0287306951176472,0.000292717851026178,0.258874164993471,0.00105514771368776,0.872279168657219,1.03549665997389,0.842377578194427,0.00766668788322111,5.26485986371517,0.0479167992701319,134.5,"primary"
941001,50000,"steps_128",128,0.000834965625,0.0620420677969958,0.01581,2.6,0.1068756,0.0307902593180091,0.00031412937706388,0.259451342692341,0.00105038570899181,0.864283128740585,1.03780537076937,0.83279885909615,0.00758909967908468,5.62972028748998,0.0513023138306124,134.5,"primary"
941001,50000,"steps_128",128,0.00090042890625,0.0620420677969958,0.01581,2.7,0.1152549,0.0328895849308869,0.000336015908164177,0.260045340958662,0.00104552557897484,0.856091626409468,1.04018136383465,0.823021500071364,0.00750988284808487,5.99982673552025,0.0547470459625387,134.5,"primary"
941001,50000,"steps_128",128,0.0009683625,0.0620420677969958,0.01581,2.8,0.1239504,0.035024924136502,0.000358342421732356,0.260655641475183,0.00104057505257593,0.847716283364201,1.04262256590073,0.813061515345057,0.00742915974397469,6.37440228030525,0.0582446123927616,134.5,"primary"
941001,50000,"steps_128",128,0.00103876640625,0.0620420677969958,0.01581,2.9,0.1329621,0.037192545510763,0.00038107376274158,0.261281721369911,0.00103554176359842,0.839168729527355,1.04512688547964,0.802934783504525,0.00734705060214607,6.75268152927305,0.0617886955640485,134.5,"primary"
941001,50000,"steps_128",128,0.001111640625,0.0620420677969958,0.01581,3,0.14229,0.0393887448481371,0.000404174733717472,0.261923054361309,0.00103043322852666,0.830460570274871,1.04769221744523,0.79265700025903,0.0072636732247069,7.13391300233127,0.0653730590223621,134.5,"primary"
941001,50000,"steps_128",128,0.00118698515625,0.0620420677969958,0.01581,3.1,0.1519341,0.0416098554429882,0.000427610181861204,0.262579111878207,0.0010252568259995,0.821603355197843,1.05031644751283,0.782243634424098,0.00717914271723909,7.51736132681558,0.0689915615126677,134.5,"primary"
941001,50000,"steps_128",128,0.0012648,0.0620420677969958,0.01581,3.2,0.1618944,0.0438522578009925,0.000451345083352431,0.263249364149605,0.0010200197779879,0.812608548553734,1.05299745659842,0.771709887295232,0.00709357127698429,7.90230924590318,0.0726381698763192,134.5,"primary"
941001,50000,"steps_128",128,0.00134508515625,0.0620420677969958,0.01581,3.3,0.1721709,0.0461123887586418,0.00047534462492391,0.263933281259819,0.00101472913270858,0.803487501522762,1.05573312503928,0.761070655515209,0.00700706803071976,8.28805943856063,0.0763069708545382,134.5,"primary"
941001,50000,"steps_128",128,0.001427840625,0.0620420677969958,0.01581,3.4,0.1827636,0.0483867499946943,0.000499574282823172,0.264630334164723,0.00100939174929035,0.794251426345743,1.05852133665889,0.750340497483699,0.00691973891925064,8.67393615091156,0.0799921819065374,134.5,"primary"
941001,50000,"steps_128",128,0.00151306640625,0.0620420677969958,0.01581,3.5,0.1936725,0.0506719159226873,0.000523999899270609,0.265339995665298,0.00100401428419471,0.784911372384112,1.06135998266119,0.739533603307779,0.00683168662425945,9.0592866405203,0.0836881611471783,134.5,"primary"
941001,50000,"steps_256",256,9.88125e-06,0.0620420677969958,0.01581,0.4,0.0025296,0.000828153645624394,8.28315793249616e-06,0.251446373179012,0.00111924902374892,0.982155651831587,1.00578549271605,0.976506083001206,0.00875528840818144,0.156240973280193,0.00140084614530903,134.5,"primary"
941001,50000,"steps_256",256,1.5439453125e-05,0.0620420677969958,0.01581,0.5,0.0039525,0.00129187314260901,1.29255992023885e-05,0.251571023025595,0.00111819828921519,0.980548874845546,1.00628409210238,0.974425495286259,0.00873869750211631,0.243606373821565,0.00218467437552908,134.5,"primary"
941001,50000,"steps_256",256,2.22328125e-05,0.0620420677969958,0.01581,0.6,0.0056916,0.00185652611820564,1.85824853173553e-05,0.251720288431262,0.00111691529694754,0.978561099623466,1.00688115372505,0.971873488746107,0.00871824860300808,0.349874455948598,0.00313856949708291,134.5,"primary"
941001,50000,"steps_256",256,3.0261328125e-05,0.0620420677969958,0.01581,0.7,0.0077469,0.00252083142055404,2.52431969366874e-05,0.251894000662179,0.0011154030361717,0.976196189658073,1.00757600264872,0.968856133028028,0.00869399380983474,0.474739505183734,0.00426005696681902,134.5,"primary"
941001,50000,"steps_256",256,3.9525e-05,0.0620420677969958,0.01581,0.8,0.0101184,0.00328328141672925,3.28951673871806e-05,0.252091964720979,0.00111366501262644,0.973458674314886,1.00836785888392,0.965380506467483,0.0086659938817511,0.617843524139189,0.00554623608432071,134.5,"primary"
941001,50000,"steps_256",256,5.0023828125e-05,0.0620420677969958,0.01581,0.9,0.0128061,0.00414214891802038,4.15239295194105e-05,0.252313959939792,0.00111170522802519,0.970353718467068,1.00925583975917,0.961454648306636,0.00863431781020122,0.778778265128375,0.00699379742626299,134.5,"primary"
941001,50000,"steps_256",256,6.17578125e-05,0.0620420677969958,0.01581,1,0.01581,0.00509549499647903,5.11131686251267e-05,0.252559740643065,0.0011095281569599,0.966887096106078,1.01023896257226,0.957087512883289,0.00859904233350257,0.957087512883289,0.00859904233350257,134.5,"primary"
941001,50000,"steps_256",256,7.4726953125e-05,0.0620420677969958,0.01581,1.1,0.0191301,0.0061411776436604,6.16447811145924e-05,0.252829036877064,0.00110713872151647,0.963065165941693,1.01131614750826,0.952288924007148,0.00856025141175862,1.15226959804865,0.0103579042082279,134.5,"primary"
941001,50000,"steps_256",256,8.893125e-05,0.0620420677969958,0.01581,1.2,0.0227664,0.00727686121814496,7.30989387057815e-05,0.253121555202636,0.00110454226388547,0.958894847425807,1.01248622081054,0.947069528174086,0.00851803567985598,1.36378012057068,0.0122659713789926,134.5,"primary"
941001,50000,"steps_256",256,0.000104370703125,0.0620420677969958,0.01581,1.3,0.0267189,0.00850002662302455,8.54541579399029e-05,0.253436979547535,0.00110174451726003,0.954383596221163,1.01374791819014,0.941440745866132,0.00847249189366022,1.59103486051376,0.0143185113002858,134.5,"primary"
941001,50000,"steps_256",256,0.0001210453125,0.0620420677969958,0.01581,1.4,0.0309876,0.0098079821497192,9.8687374886912e-05,0.253774972114365,0.00109875157531569,0.949539378627503,1.01509988845746,0.935414720683713,0.00842372237938812,1.83341285254008,0.0165104958636007,134.5,"primary"
941001,50000,"steps_256",256,0.000138955078125,0.0620420677969958,0.01581,1.5,0.0355725,0.0111978749204549,0.000112774024913489,0.254135174340016,0.00109556986056438,0.94437064477798,1.01654069736006,0.929004266361881,0.0083718344901109,2.09025959931423,0.0188366276027495,134.5,"primary"
941001,50000,"steps_256",256,0.0001581,0.0620420677969958,0.01581,1.6,0.0404736,0.0126667028579735,0.000127688127339195,0.254517207902282,0.00109220609186792,0.938886300549505,1.01806883160913,0.922222811855981,0.00831694006826647,2.36089039835131,0.0212913665747622,134.5,"primary"
941001,50000,"steps_256",256,0.000178480078125,0.0620420677969958,0.01581,1.7,0.0456909,0.0142113271071177,0.000143402374707063,0.25492067576925,0.001088667251386,0.933095678162458,1.019682703077,0.915084344715022,0.00825915491005608,2.64459375622641,0.0238689576900621,134.5,"primary"
941001,50000,"steps_256",256,0.0002000953125,0.0620420677969958,0.01581,1.8,0.0512244,0.0158284848288194,0.000159888226260594,0.255345163286955,0.00108496055122057,0.927008505447758,1.02138065314782,0.907603352962275,0.00819859822691989,2.94063486359777,0.0265634582552205,134.5,"primary"
941001,50000,"steps_256",256,0.000222945703125,0.0620420677969958,0.01581,1.9,0.0570741,0.0175148022830959,0.00017711600507473,0.255790239300723,0.00108109340000345,0.920634873774406,1.02316095720289,0.89979476571431,0.00813539210049218,3.24825910422866,0.0293687654827768,134.5,"primary"
941001,50000,"steps_256",256,0.00024703125,0.0620420677969958,0.01581,2,0.06324,0.0192668081144939,0.000195054998157698,0.25625545730554,0.00107707336965823,0.913985204672385,1.02502182922216,0.891673892804765,0.0080696609297936,3.56669557121906,0.0322786437191744,134.5,"primary"
941001,50000,"steps_256",256,0.000272351953125,0.0620420677969958,0.01581,2.1,0.0697221,0.0210809467515261,0.000213673558742182,0.256740356620747,0.00107290816255104,0.907070215248511,1.02696142648299,0.883256363732116,0.00800153087220187,3.89516056405863,0.0352867511464102,134.5,"primary"
941001,50000,"steps_256",256,0.0002989078125,0.0620420677969958,0.01581,2.2,0.0765204,0.0229535918313863,0.000232939209929228,0.257244463584255,0.00106860557922847,0.899900882564112,1.02897785433702,0.874558066309335,0.00793112928239006,4.23286104093718,0.0383866657267679,134.5,"primary"
941001,50000,"steps_256",256,0.000326698828125,0.0620420677969958,0.01581,2.3,0.0836349,0.0248810595627383,0.000252818748840943,0.257767292761425,0.00106417348692476,0.892488407210567,1.0310691710457,0.865595085444571,0.00785858415556275,4.57899800200178,0.0415719101829269,134.5,"primary"
941001,50000,"steps_256",256,0.000355725,0.0620420677969958,0.01581,2.4,0.0910656,0.0268596219426286,0.000273278350476329,0.258308348163637,0.00105961978900522,0.8848441763727,1.03323339265455,0.856383642517967,0.00778402358276099,4.93276978090349,0.0448359758367033,134.5,"primary"
941001,50000,"steps_256",256,0.000385986328125,0.0620420677969958,0.01581,2.5,0.0988125,0.0288855197483812,0.000294283670541905,0.258867124471471,0.00105495239549719,0.876979726706071,1.03546849788589,0.846940035835566,0.00770757522667384,5.29337522397229,0.0481723451667115,134.5,"primary"
941001,50000,"steps_256",256,0.0004174828125,0.0620420677969958,0.01581,2.6,0.1068756,0.0309549752314178,0.000315799946634972,0.259443108257357,0.0010501791948453,0.868906707370563,1.03777243302943,0.8372805826361,0.00762936582631697,5.66001673862003,0.0515745129859027,134.5,"primary"
941001,50000,"steps_256",256,0.000450214453125,0.0620420677969958,0.01581,2.7,0.1152549,0.0330642044469568,0.000337792097281022,0.260035779202434,0.00104530802701314,0.860636843560407,1.04014311680974,0.827421563101912,0.00754952073821629,6.03190319501294,0.0550360061815968,134.5,"primary"
941001,50000,"steps_256",256,0.00048418125,0.0620420677969958,0.01581,2.8,0.1239504,0.035209429161128,0.000360224818456559,0.260644611302355,0.00104034665803842,0.852181900852147,1.04257844520942,0.817379166783915,0.00746816352051638,6.4082526675859,0.0585504020008484,134.5,"primary"
941001,50000,"steps_256",256,0.000519383203125,0.0620420677969958,0.01581,2.9,0.1329621,0.0373868882848519,0.000383062677354773,0.261269074056713,0.00103530275613402,0.84355365066102,1.04507629622685,0.807169441797302,0.00738541556489477,6.78829500551531,0.062111344900765,134.5,"primary"
941001,50000,"steps_256",256,0.0005558203125,0.0620420677969958,0.01581,3,0.14229,0.0395928487915875,0.000406270203266436,0.261908633636884,0.00103018386941222,0.834763837056453,1.04763453454754,0.796808247083014,0.00730139577946044,7.17127422374712,0.0657125620151439,134.5,"primary"
941001,50000,"steps_256",256,0.000593492578125,0.0620420677969958,0.01581,3.1,0.1519341,0.0418236160835361,0.00042981197554644,0.262562754027164,0.00102499740529368,0.825824145143244,1.05025101610866,0.78631120796536,0.00721622032409404,7.55645070854711,0.0693478773145437,134.5,"primary"
941001,50000,"steps_256",256,0.0006324,0.0620420677969958,0.01581,3.2,0.1618944,0.0440755437779468,0.000453652708713275,0.263230898134268,0.0010197506116476,0.81674617116985,1.05292359253707,0.775693675171491,0.00713000239803038,7.94310323375606,0.0730112245558311,134.5,"primary"
941001,50000,"steps_256",256,0.000672542578125,0.0620420677969958,0.01581,3.3,0.1721709,0.046345042891712,0.000477757334780716,0.26391252886059,0.0010144505596935,0.807541394481506,1.05565011544236,0.764970687416743,0.00704285207794756,8.33053078596833,0.0766966591288489,134.5,"primary"
941001,50000,"steps_256",256,0.0007139203125,0.0620420677969958,0.01581,3.4,0.1827636,0.0486285904084044,0.000502091082944834,0.264607110136878,0.00100910412867978,0.798221151395646,1.05842844054751,0.754156937603392,0.00695487620343744,8.7180541986952,0.0803983689117368,134.5,"primary"
941001,50000,"steps_256",256,0.000756533203125,0.0620420677969958,0.01581,3.5,0.1936725,0.0509227372172421,0.000526619556742106,0.265314107910519,0.00100371799233902,0.788796611040422,1.06125643164207,0.743266742628756,0.00686617830549517,9.10501759720226,0.0841106842423158,134.5,"primary"
941002,30000,"steps_64",64,3.9525e-05,0.0620420677969958,0.01581,0.4,0.0025296,0.000806156880401864,1.02975439191197e-05,0.248914145419003,0.00144097297465474,0.9560684065487,0.995656581676011,0.960239126767312,0.0109701032310804,0.15363826028277,0.00175521651697287,80.95,"independent"
941002,30000,"steps_64",64,6.17578125e-05,0.0620420677969958,0.01581,0.5,0.0039525,0.00125744823756271,1.60664366068733e-05,0.249032036469447,0.00143962471175885,0.954419914658605,0.996128145877789,0.958129652904817,0.0109485234629298,0.239532413226204,0.00273713086573245,80.95,"independent"
941002,30000,"steps_64",64,8.893125e-05,0.0620420677969958,0.01581,0.6,0.0056916,0.00180693538982268,2.30947890370701e-05,0.249175534237422,0.00143798211860578,0.952422195774129,0.996702136949688,0.955573546464871,0.0109222585559481,0.344006476727354,0.00393201308014133,80.95,"independent"
941002,30000,"steps_64",64,0.0001210453125,0.0620420677969958,0.01581,0.7,0.0077469,0.00245337525696801,3.13690114366135e-05,0.249344473637505,0.00143604921282961,0.950073677329516,0.997377894550022,0.9525714200415,0.0108912550607872,0.466759995820335,0.00533671497978573,80.95,"independent"
941002,30000,"steps_64",64,0.0001581,0.0620420677969958,0.01581,0.8,0.0101184,0.00319530897933576,4.08731138133459e-05,0.24953866236004,0.00143383066962802,0.947375764746132,0.998154649440162,0.949127237224703,0.0108555483599977,0.60744143182381,0.00694755095039851,80.95,"independent"
941002,30000,"steps_64",64,0.0002000953125,0.0620420677969958,0.01581,0.9,0.0128061,0.00403106921566253,5.15887889597442e-05,0.249757881592237,0.00143133179345535,0.944331814290657,0.999031526368949,0.945247261338086,0.0108152142514175,0.765650281683849,0.00876032354364817,80.95,"independent"
941002,30000,"steps_64",64,0.00024703125,0.0620420677969958,0.01581,1,0.01581,0.00495878804276794,6.34954928091288e-05,0.250001886820524,0.00142855848641425,0.940946497678925,1.0000075472821,0.940939396143868,0.0107703498871166,0.940939396143868,0.0107703498871166,80.95,"independent"
941002,30000,"steps_64",64,0.0002989078125,0.0620420677969958,0.01581,1.1,0.0191301,0.00597640549557376,7.65705280296059e-05,0.250270408710215,0.00142551721370895,0.937225445069356,1.00108163484086,0.936212804681354,0.0107210659482933,1.13281749366444,0.0129724897974348,80.95,"independent"
941002,30000,"steps_64",64,0.000355725,0.0620420677969958,0.01581,1.2,0.0227664,0.00708167874377729,9.07891322632357e-05,0.25056315405703,0.00142221496652521,0.933175040029686,1.00225261622812,0.931077679339566,0.0106674830460689,1.34075185824898,0.0153611755863392,80.95,"independent"
941002,30000,"steps_64",64,0.0004174828125,0.0620420677969958,0.01581,1.3,0.0267189,0.0082721918605583,0.000106124570917468,0.250879806803986,0.00141865922270915,0.928802292821744,1.00351922721595,0.925545089353705,0.0106097297547772,1.56417120100776,0.0179304432855734,80.95,"independent"
941002,30000,"steps_64",64,0.00048418125,0.0620420677969958,0.01581,1.4,0.0309876,0.00954536612147707,0.000122548234024218,0.251220029116574,0.00141485790562406,0.924114754431812,1.00488011646629,0.919626868209417,0.0105479413040324,1.80246866169046,0.0206739649559034,80.95,"independent"
941002,30000,"steps_64",64,0.0005558203125,0.0620420677969958,0.01581,1.5,0.0355725,0.0108984707668732,0.000140029736635395,0.251583462508785,0.00141081934156871,0.91912045261423,1.00633385003514,0.913335522383686,0.0104822585528522,2.05500492536329,0.0235850817439174,80.95,"independent"
941002,30000,"steps_64",64,0.0006324,0.0620420677969958,0.01581,1.6,0.0404736,0.0123286341605835,0.000158537022259318,0.251969729012285,0.00140655221614175,0.913827840413267,1.00787891604914,0.906684152095817,0.010412827095623,2.32111142936529,0.0266568373647949,80.95,"independent"
941002,30000,"steps_64",64,0.0007139203125,0.0620420677969958,0.01581,1.7,0.0456909,0.0138328552783534,0.000178036468880207,0.25237843238093,0.00140206552993351,0.908245752109505,1.00951372952372,0.899686379241228,0.0103397964387103,2.60009363600715,0.0298820117078727,80.95,"independent"
941002,30000,"steps_64",64,0.00080038125,0.0620420677969958,0.01581,1.8,0.0512244,0.0154080154599119,0.000198492997124945,0.252809159322755,0.00139736855392028,0.902383363782409,1.01123663729102,0.892356279930469,0.0102633192228384,2.89123434697472,0.0332531542819965,80.95,"independent"
941002,30000,"steps_64",64,0.0008917828125,0.0620420677969958,0.01581,1.9,0.0570741,0.0170508903591145,0.000219870180148937,0.253261480751717,0.00139247078492601,0.896250156854745,1.01304592300687,0.884708320225547,0.0101835504817927,3.19379703601422,0.0367626172392718,80.95,"independent"
941002,30000,"steps_64",64,0.000988125,0.0620420677969958,0.01581,2,0.06324,0.0187581620269348,0.000242130354812969,0.253734953051554,0.00138738190150299,0.889855883630684,1.01493981220622,0.87675729430336,0.0101006469348883,3.50702917721344,0.0404025877395531,80.95,"independent"
941002,30000,"steps_64",64,0.0010894078125,0.0620420677969958,0.01581,2.1,0.0697221,0.0205264310625599,0.000265234733723036,0.254229119344388,0.00138211172056679,0.883210534216264,1.01691647737755,0.868518264640482,0.010014766313905,3.83016554706453,0.0441651194443212,80.95,"independent"
941002,30000,"steps_64",64,0.00119563125,0.0620420677969958,0.01581,2.2,0.0765204,0.0223522287686502,0.000289143517712019,0.254743510756936,0.00137667015510093,0.876324304446275,1.01897404302774,0.860006504034584,0.00992606672681422,4.16243147952739,0.0480421629577808,80.95,"independent"
941002,30000,"steps_64",64,0.0013067953125,0.0620420677969958,0.01581,2.3,0.0836349,0.0242320292481542,0.00031381600835998,0.255277647677568,0.00137106717322442,0.869207564598781,1.02111059071027,0.851237439417966,0.00983470606138174,4.50304605452104,0.0520255950647094,80.95,"independent"
941002,30000,"steps_64",64,0.0014229,0.0620420677969958,0.01581,2.4,0.0910656,0.0261622613820661,0.000339210720180149,0.255831040997804,0.00136531275888954,0.861870828789336,1.02332416399122,0.84222659751122,0.00974084143195427,4.85122520166463,0.0561072466480566,80.95,"independent"
941002,30000,"steps_64",64,0.0015439453125,0.0620420677969958,0.01581,2.5,0.0988125,0.0281393206302527,0.000365285492139155,0.256403193332246,0.00135941687444888,0.854324725017161,1.02561277332898,0.832989552425475,0.0096446286725323,5.20618470265922,0.0602789292033269,80.95,"independent"
941002,30000,"steps_64",64,0.00166993125,0.0620420677969958,0.01581,2.6,0.1068756,0.0301595806009192,0.000391997598229366,0.256993600211484,0.00135338942529966,0.846579965892661,1.02797440084594,0.823541875357983,0.00954622187870147,5.56714307741996,0.0645324599000219,80.95,"independent"
941002,30000,"steps_64",64,0.0018008578125,0.0620420677969958,0.01581,2.7,0.1152549,0.0322194043383489,0.000419303856864358,0.257601751242984,0.00134724022677981,0.838647320114344,1.03040700497193,0.813899086543172,0.00944577300021372,5.93332434089973,0.0688596851715581,80.95,"independent"
941002,30000,"steps_64",64,0.001936725,0.0620420677969958,0.01581,2.8,0.1239504,0.0343151552830822,0.000447160738920762,0.25822713123556,0.00134097897345538,0.830537584785904,1.03290852494224,0.804076609622663,0.00934343148506664,6.30396061944168,0.0732525028429225,80.95,"independent"
941002,30000,"steps_64",64,0.0020775328125,0.0620420677969958,0.01581,2.9,0.1329621,0.0364432078635034,0.000475524474296673,0.25886922128367,0.00133461521090219,0.822261558673563,1.03547688513468,0.794089728585893,0.00923934397490163,6.67829461740736,0.0777028828289227,80.95,"independent"
941002,30000,"steps_64",64,0.00222328125,0.0620420677969958,0.01581,3,0.14229,0.0385999576826807,0.000504351156893947,0.259527499808383,0.00132815831004807,0.813830016501807,1.03810999923353,0.783953547410854,0.00913365405049721,7.05558192669769,0.0822028864544748,80.95,"independent"
941002,30000,"steps_64",64,0.0023739703125,0.0620420677969958,0.01581,3.1,0.1519341,0.040781831269052,0.000533596847954937,0.260201443552593,0.00132161744410575,0.805253684374712,1.04080577421037,0.773682952504403,0.00902650202511905,7.43509317356731,0.0867446844613941,80.95,"independent"
941002,30000,"steps_64",64,0.0025296,0.0620420677969958,0.01581,3.2,0.1618944,0.0429852953639584,0.000563217677689585,0.260890528528723,0.00131500156809129,0.796543216392137,1.04356211411489,0.763292578005989,0.00891802478253893,7.81611599878133,0.0913205737731987,80.95,"independent"
941002,30000,"steps_64",64,0.0026901703125,0.0620420677969958,0.01581,3.3,0.1721709,0.0452068657229783,0.000593169945113332,0.261594230917782,0.00130831940089071,0.787709172507868,1.04637692367113,0.752796773981075,0.00880835565568395,8.19795686865391,0.0959229930903982,80.95,"independent"
941002,30000,"steps_64",64,0.00285568125,0.0620420677969958,0.01581,3.4,0.1827636,0.0474431154113732,0.000623410215977973,0.262312027919402,0.00130157940980742,0.778761997652266,1.04924811167761,0.742209577491761,0.00869762434113752,8.57994271580475,0.10054453738355,80.95,"independent"
941002,30000,"steps_64",64,0.0030261328125,0.0620420677969958,0.01581,3.5,0.1936725,0.0496906825767669,0.000653895418617258,0.263043398552964,0.00129478979749723,0.769712002118528,1.05217359421185,0.731544686497376,0.0085859568441388,8.96142240959285,0.1051779713407,80.95,"independent"
941002,30000,"steps_128",128,1.97625e-05,0.0620420677969958,0.01581,0.4,0.0025296,0.000815829359158948,1.04219237006607e-05,0.248914628979759,0.00144095439590279,0.96753956256991,0.995658515919035,0.971758436351875,0.0111021906939309,0.1554813498163,0.00177635051102894,80.95,"independent"
941002,30000,"steps_128",128,3.087890625e-05,0.0620420677969958,0.01581,0.5,0.0039525,0.00127250801651784,1.62600906861344e-05,0.249032618101971,0.00143959616042827,0.965850486920559,0.996130472407884,0.96960239012252,0.0110800594733691,0.24240059753063,0.00277001486834227,80.95,"independent"
941002,30000,"steps_128",128,4.4465625e-05,0.0620420677969958,0.01581,0.6,0.0056916,0.00182852999746734,2.3372516286008e-05,0.249176196346439,0.00143794156359942,0.963804552744751,0.996704785385757,0.966990995605311,0.01105316030054,0.348116758417912,0.00397913770819439,80.95,"independent"
941002,30000,"steps_128",128,6.052265625e-05,0.0620420677969958,0.01581,0.7,0.0077469,0.00248262376806129,3.17452762319149e-05,0.249345192700217,0.00143599469418153,0.961400212237653,0.997380770800868,0.963924952619325,0.0110214346323072,0.472323226783469,0.00540050296983053,80.95,"independent"
941002,30000,"steps_128",128,7.905e-05,0.0620420677969958,0.01581,0.8,0.0101184,0.0032332974412041,4.13619946202573e-05,0.249539408010835,0.00143376030941564,0.958638947226073,0.99815763204334,0.960408372837497,0.0109849174392967,0.614661358615998,0.00703034716114989,80.95,"independent"
941002,30000,"steps_128",128,0.00010004765625,0.0620420677969958,0.01581,0.9,0.0128061,0.00407884632140301,5.22039311068971e-05,0.249758615747058,0.00143124380584536,0.955524239558415,0.999034462988233,0.956447725236952,0.0109436864339284,0.774722657441931,0.00886438601148197,80.95,"independent"
941002,30000,"steps_128",128,0.000123515625,0.0620420677969958,0.01581,1,0.01581,0.00501736106482733,6.42500648342756e-05,0.250002562844627,0.00142845118675908,0.952060923117141,1.00001025137851,0.952051163280308,0.0108978418370608,0.952051163280308,0.0108978418370608,80.95,"independent"
941002,30000,"steps_128",128,0.00014945390625,0.0620420677969958,0.01581,1.1,0.0191301,0.00604673649203345,7.74771813738732e-05,0.250270970632643,0.00142538902662577,0.948254817073635,1.00108388253057,0.947228133047758,0.0108474980061627,1.14614604098779,0.0131254725874568,80.95,"independent"
941002,30000,"steps_128",128,0.0001778625,0.0620420677969958,0.01581,1.2,0.0227664,0.00716468105165473,9.18599642784091e-05,0.25056353583458,0.0014220644329047,0.944112514713093,1.00225414333832,0.941989136177011,0.0107927795745292,1.3564643560949,0.015541602587322,80.95,"independent"
941002,30000,"steps_128",128,0.00020874140625,0.0620420677969958,0.01581,1.3,0.0267189,0.00836872689062081,0.000107371091215367,0.250879931636981,0.00141848500561597,0.939641252890741,1.00351972654792,0.936345572521107,0.0107338193495214,1.58242401756067,0.0181401547006912,80.95,"independent"
941002,30000,"steps_128",128,0.000242090625,0.0620420677969958,0.01581,1.4,0.0309876,0.00965624046736266,0.000123981334199613,0.251219808818242,0.00141465879506554,0.934848823467709,1.00487923527297,0.930309623935819,0.0106707569257537,1.8234068629142,0.0209146835744772,80.95,"independent"
941002,30000,"steps_128",128,0.00027791015625,0.0620420677969958,0.01581,1.5,0.0355725,0.0110244336386498,0.000141659663372939,0.251582796929544,0.00141059425812242,0.929743507370843,1.00633118771818,0.92389416001208,0.0106037376058975,2.07876186002718,0.0238584096132693,80.95,"independent"
941002,30000,"steps_128",128,0.0003162,0.0620420677969958,0.01581,1.6,0.0404736,0.0124703751500294,0.000160373353812581,0.251968505519747,0.00140630021344598,0.924334021438376,1.00787402207899,0.917112656135051,0.0105329114659295,2.34780839970573,0.0269642533527795,80.95,"independent"
941002,30000,"steps_128",128,0.00035696015625,0.0620420677969958,0.01581,1.7,0.0456909,0.0139910024605331,0.000180088094894212,0.25237652539599,0.00140178579605762,0.918629472862198,1.00950610158396,0.909979118918477,0.0104584324982115,2.6298396536744,0.0302248699198312,80.95,"independent"
941002,30000,"steps_128",128,0.000400190625,0.0620420677969958,0.01581,1.8,0.0512244,0.0155831338330216,0.000200768101760255,0.252806429911703,0.00139706041164406,0.912639318353454,1.01122571964681,0.902508016382542,0.0103804578051175,2.92412597307944,0.0336326832885806,80.95,"independent"
941002,30000,"steps_128",128,0.00044589140625,0.0620420677969958,0.01581,1.9,0.0570741,0.0172434806219535,0.000222376228450362,0.253257776273887,0.00139213369096847,0.906373326357496,1.01303110509555,0.894714211437771,0.0102991468324778,3.22991830329035,0.0371799200652448,80.95,"independent"
941002,30000,"steps_128",128,0.0004940625,0.0620420677969958,0.01581,2,0.06324,0.0189686596906331,0.000244874082246264,0.253730106861682,0.00138701544475159,0.899841541301382,1.01492042744673,0.886612897885152,0.0102146606394598,3.54645159154061,0.0408586425578391,80.95,"independent"
941002,30000,"steps_128",128,0.00054470390625,0.0620420677969958,0.01581,2.1,0.0697221,0.020755205890399,0.000268222138778402,0.254222950548486,0.00138171561936771,0.893054249243741,1.01689180219395,0.878219538516267,0.010127161205044,3.87294816485674,0.0446607809142442,80.95,"independent"
941002,30000,"steps_128",128,0.000597815625,0.0620420677969958,0.01581,2.2,0.0765204,0.0225995845350469,0.000292379857445732,0.254735824020208,0.00137624425367954,0.88602194454212,1.01894329608083,0.869549805126579,0.0100368107731026,4.20862105681264,0.0485781641418167,80.95,"independent"
941002,30000,"steps_128",128,0.00065339765625,0.0620420677969958,0.01581,2.3,0.0836349,0.0244982038052531,0.0003173057967176,0.255268233082608,0.00137061143731248,0.878755297319172,1.02107293233043,0.860619520403462,0.00994377123903643,4.55267726293432,0.0526025498545027,80.95,"independent"
941002,30000,"steps_128",128,0.00071145,0.0620420677969958,0.01581,2.4,0.0910656,0.026447427019979,0.000342957728918459,0.255819673951089,0.00136482727064196,0.871265121625915,1.02327869580436,0.851444601747573,0.00984820358126918,4.90432090606602,0.0567256526281105,80.95,"independent"
941002,30000,"steps_128",128,0.00077197265625,0.0620420677969958,0.01581,2.5,0.0988125,0.0284435847148285,0.000369292754140267,0.256389634516752,0.00135890182673755,0.863562344283218,1.02555853806701,0.842041007148043,0.00975026734075195,5.26275629467527,0.0609391708796997,80.95,"independent"
941002,30000,"steps_128",128,0.000834965625,0.0620420677969958,0.01581,2.6,0.1068756,0.0304829864710165,0.000396267412979421,0.256977595583063,0.00135284511547521,0.855657974439906,1.02791038233225,0.832424683267116,0.00965012015110096,5.62719085888571,0.0652348122214425,80.95,"independent"
941002,30000,"steps_128",128,0.00090042890625,0.0620420677969958,0.01581,2.7,0.1152549,0.0325619324428821,0.000423837797850169,0.257583032068058,0.00134666704999409,0.847563073922639,1.03033212827223,0.822611515904023,0.00954791732117285,5.99683795094033,0.0696043172713501,80.95,"independent"
941002,30000,"steps_128",128,0.0009683625,0.0620420677969958,0.01581,2.8,0.1239504,0.0346767245365745,0.000451959662679812,0.258205414167557,0.00134037741563741,0.83928872847303,1.03282165667023,0.812617283005917,0.00944381147088509,6.37091949876639,0.0740394819317391,80.95,"independent"
941002,30000,"steps_128",128,0.00103876640625,0.0620420677969958,0.01581,2.9,0.1329621,0.0368236771974727,0.000480588530838006,0.258844208475614,0.00133398584147922,0.83084601997425,1.03537683390246,0.802457610378141,0.00933795222000076,6.74866850328016,0.0785321781702064,80.95,"independent"
941002,30000,"steps_128",128,0.001111640625,0.0620420677969958,0.01581,3,0.14229,0.038999127768902,0.000509679801189629,0.259498879059024,0.00132750177450032,0.822245999766013,1.03799551623609,0.792147930221879,0.00923048592851485,7.12933137199691,0.0830743733566336,80.95,"independent"
941002,30000,"steps_128",128,0.00118698515625,0.0620420677969958,0.01581,3.1,0.1519341,0.041199446389627,0.000539188852185159,0.260168888483469,0.00132093445643946,0.813499663136063,1.04067555393388,0.781703442596434,0.00912155548626096,7.51217008335173,0.0876581482229678,80.95,"independent"
941002,30000,"steps_128",128,0.0012648,0.0620420677969958,0.01581,3.2,0.1618944,0.043421045402341,0.000569071143913314,0.260853698789601,0.0013142929033091,0.804617925061169,1.0434147951584,0.771139079869974,0.00901130014846503,7.89646417786853,0.0922757135202819,80.95,"independent"
941002,30000,"steps_128",128,0.00134508515625,0.0620420677969958,0.01581,3.3,0.1721709,0.0456603882499197,0.000599282318039103,0.261552772418029,0.00130758588753201,0.795611597254582,1.04621108967212,0.760469474189886,0.00889985541326334,8.28151257392786,0.0969194254504378,80.95,"independent"
941002,30000,"steps_128",128,0.001427840625,0.0620420677969958,0.01581,3.4,0.1827636,0.0479139978406589,0.000629778295540638,0.262265573082863,0.00130082192262431,0.786491366563018,1.04906229233145,0.749708927975199,0.00878735293672657,8.6666352073933,0.101581799948559,80.95,"independent"
941002,30000,"steps_128",128,0.00151306640625,0.0620420677969958,0.01581,3.5,0.1936725,0.0501784643682528,0.000660515372147732,0.2629915665941,0.00129400925032397,0.777267774747361,1.0519662663764,0.738871387411248,0.00867392048073877,9.05117449578779,0.10625552588905,80.95,"independent"
941002,30000,"steps_256",256,9.88125e-06,0.0620420677969958,0.01581,0.4,0.0025296,0.000820605547095744,1.04836376560022e-05,0.248914721677671,0.00144094644865877,0.973203922077495,0.995658886710685,0.977447130806642,0.011167921924513,0.156391540929063,0.00178686750792207,80.95,"independent"
941002,30000,"steps_256",256,1.5439453125e-05,0.0620420677969958,0.01581,0.5,0.0039525,0.00127994903157111,1.63562445774898e-05,0.249032730689467,0.00143958356635295,0.971498316183007,0.996130922757868,0.975271717791209,0.0111455540734119,0.243817929447802,0.00278638851835297,80.95,"independent"
941002,30000,"steps_256",256,2.22328125e-05,0.0620420677969958,0.01581,0.6,0.0056916,0.00183920665177912,2.35105102898309e-05,0.249176323236661,0.00143792330941376,0.969432137770989,0.996705292946643,0.972636690736311,0.0111183748545836,0.350149208665072,0.00400261494765011,80.95,"independent"
941002,30000,"steps_256",256,3.0261328125e-05,0.0620420677969958,0.01581,0.7,0.0077469,0.00249709397431968,3.19323604220652e-05,0.249345325297339,0.00143596980270643,0.967003823846834,0.997381301189358,0.969542764330654,0.0110863243598365,0.47507595452202,0.00543229893631987,80.95,"independent"
941002,30000,"steps_256",256,3.9525e-05,0.0620420677969958,0.01581,0.8,0.0101184,0.00325210395071919,4.1605243689349e-05,0.24953953423823,0.00143372784513328,0.964214881024429,0.99815813695292,0.965994109879112,0.0110494378654148,0.618236230322632,0.00707164023386547,80.95,"independent"
941002,30000,"steps_256",256,5.0023828125e-05,0.0620420677969958,0.01581,0.9,0.0128061,0.00410251455564852,5.25102201873762e-05,0.249758719595735,0.00143120288002198,0.961068839611244,0.999034878382941,0.96199728398557,0.0110077940932573,0.779217800028312,0.00891631321553841,80.95,"independent"
941002,30000,"steps_256",256,6.17578125e-05,0.0620420677969958,0.01581,1,0.01581,0.00504639704970518,6.46260464049484e-05,0.250002623944058,0.00142840096208599,0.957570597667017,1.00001049577623,0.957560547325785,0.0109614946226972,0.957560547325785,0.0109614946226972,80.95,"independent"
941002,30000,"steps_256",256,7.4726953125e-05,0.0620420677969958,0.01581,1.1,0.0191301,0.00608162490894596,7.79292633962048e-05,0.250270963845839,0.00142532872134296,0.953726050926962,1.00108385538336,0.952693468981918,0.0109106553842567,1.15275909746812,0.0132018930149506,80.95,"independent"
941002,30000,"steps_256",256,8.893125e-05,0.0620420677969958,0.01581,1.2,0.0227664,0.00720588342077035,9.23942897547834e-05,0.250563430879072,0.00142199332437875,0.949541880240663,1.00225372351629,0.947406687509533,0.0108554027432909,1.36426563001373,0.0156317799503389,80.95,"independent"
941002,30000,"steps_256",256,0.000104370703125,0.0620420677969958,0.01581,1.3,0.0267189,0.0084166799008122,0.000107993519362188,0.250879692733062,0.00141840243335134,0.945025420299361,1.00351877093225,0.941711752358603,0.0107958713705345,1.59149286148604,0.0182450226162032,80.95,"independent"
941002,30000,"steps_256",256,0.0001210453125,0.0620420677969958,0.01581,1.4,0.0309876,0.00971135446487936,0.000124697423396145,0.251219394365569,0.00141456416313558,0.9401845704294,1.00487757746228,0.935621006494889,0.0107322028359141,1.83381717272998,0.0210351175583917,80.95,"independent"
941002,30000,"steps_256",256,0.000138955078125,0.0620420677969958,0.01581,1.5,0.0355725,0.0110870912832026,0.000142474655991652,0.25158215921294,0.00141048703701339,0.935027727868656,1.00632863685176,0.929147490817546,0.0106645445105978,2.09058185433948,0.023995225148845,80.95,"independent"
941002,30000,"steps_256",256,0.0001581,0.0620420677969958,0.01581,1.6,0.0404736,0.0125409302432466,0.000161292162972408,0.251967590444774,0.00140617994131452,0.929563733637227,1.0078703617791,0.922304860712797,0.0105930486116459,2.36110044342476,0.0271182044458135,80.95,"independent"
941002,30000,"steps_256",256,0.000178480078125,0.0620420677969958,0.01581,1.7,0.0456909,0.0140697789483286,0.000181115293119557,0.252375272254572,0.00140165207940869,0.923801825855605,1.00950108901829,0.915107309843496,0.0105178713227601,2.6446601254477,0.0303966481227768,80.95,"independent"
941002,30000,"steps_256",256,0.0002000953125,0.0620420677969958,0.01581,1.8,0.0512244,0.0156704249807091,0.000201907911486534,0.25280477117788,0.00139691292544301,0.917751597717637,1.01121908471152,0.907569498630905,0.0104391719650798,2.94052517556413,0.0338229171668586,80.95,"independent"
941002,30000,"steps_256",256,0.000222945703125,0.0620420677969958,0.01581,1.9,0.0570741,0.0173395483590737,0.000223632514294976,0.253255637429507,0.00139197217820691,0.911422958526215,1.01302254971803,0.899706486079611,0.0103571122087771,3.24794041474739,0.0373891750736852,80.95,"independent"
941002,30000,"steps_256",256,0.00024703125,0.0620420677969958,0.01581,2,0.06324,0.019073734121313,0.000246250344959512,0.253727406251606,0.00138683971549291,0.904826096836479,1.01490962500642,0.891533664222322,0.0102718553232723,3.56613465688929,0.0410874212930891,80.95,"independent"
941002,30000,"steps_256",256,0.000272351953125,0.0620420677969958,0.01581,2.1,0.0697221,0.0208694849643918,0.000269721510796067,0.254219599264688,0.00138152554930314,0.897971445111023,1.01687839705875,0.883066694806714,0.0101835654669477,3.89432412409761,0.0449095237092394,80.95,"independent"
941002,30000,"steps_256",256,0.0002989078125,0.0620420677969958,0.01581,2.2,0.0765204,0.022723233874178,0.000294005099977638,0.254731725813942,0.00137603978223102,0.890869645513273,1.01892690325577,0.874321448051559,0.0100924070186129,4.23171580856955,0.0488472499700866,80.95,"independent"
941002,30000,"steps_256",256,0.000326698828125,0.0620420677969958,0.01581,2.3,0.0836349,0.0246313566796507,0.000319059298319519,0.255263284303628,0.0013703925653227,0.883531516615097,1.02105313721451,0.865313943430427,0.00999854395356799,4.57751076074696,0.0528922975143747,80.95,"independent"
941002,30000,"steps_256",256,0.000355725,0.0620420677969958,0.01581,2.4,0.0910656,0.0265901844681237,0.000344841505505729,0.255813763512764,0.00136459405769565,0.875968020903295,1.02325505405105,0.856060292529559,0.00990213926724086,4.93090728497026,0.0570363221793073,80.95,"independent"
941002,30000,"steps_256",256,0.000385986328125,0.0620420677969958,0.01581,2.5,0.0988125,0.028596015801085,0.000371308450409141,0.256382643885768,0.00135865438816104,0.868190233050018,1.02553057554307,0.846576644085201,0.00980335444913866,5.29110402553251,0.0612709653071166,80.95,"independent"
941002,30000,"steps_256",256,0.0004174828125,0.0620420677969958,0.01581,2.6,0.1068756,0.0306451286739328,0.000398416305206467,0.256969398792309,0.00135258361906343,0.860209308970415,1.02787759516924,0.8368791313413,0.00970234900930961,5.65730292786719,0.065587879302933,80.95,"independent"
941002,30000,"steps_256",256,0.000450214453125,0.0620420677969958,0.01581,2.7,0.1152549,0.0327337921671687,0.000426120798041391,0.257573495751165,0.00134639171251502,0.852036455729917,1.03029398300466,0.826983821884615,0.00959928005872785,6.02871206153885,0.069978751628126,80.95,"independent"
941002,30000,"steps_256",256,0.00048418125,0.0620420677969958,0.01581,2.8,0.1239504,0.0348582777413158,0.000454377324039661,0.258194397613572,0.00134008849916444,0.843682902386337,1.03277759045429,0.816906670113965,0.00949430194405876,6.40454829369349,0.0744353272414207,80.95,"independent"
941002,30000,"steps_256",256,0.000519383203125,0.0620420677969958,0.01581,2.9,0.1329621,0.0370148701327805,0.000483141054524428,0.258831563702172,0.00133368364960105,0.83515987186079,1.03532625480869,0.806663472486858,0.0093875659362274,6.78403980361448,0.0789494295236725,80.95,"independent"
941002,30000,"steps_256",256,0.0005558203125,0.0620420677969958,0.01581,3,0.14229,0.0391998778128548,0.000512367044314166,0.259484450902446,0.00132718664845637,0.826478553929049,1.03793780360978,0.796269825662662,0.00927921997116095,7.16642843096396,0.0835129797404485,80.95,"independent"
941002,30000,"steps_256",256,0.000593492578125,0.0620420677969958,0.01581,3.1,0.1519341,0.0414096429769325,0.000542010337006463,0.260152514704202,0.00132060677122626,0.817650079414678,1.04061005881681,0.785741087631192,0.00916940844008617,7.55097185213575,0.0881180151092281,80.95,"independent"
941002,30000,"steps_256",256,0.0006324,0.0620420677969958,0.01581,3.2,0.1618944,0.0436405510356648,0.00057202606815731,0.26083521019145,0.0013139530638001,0.808685495650216,1.0433408407658,0.77509234188192,0.00905827202588586,7.93694558087086,0.0927567055450712,80.95,"independent"
941002,30000,"steps_256",256,0.000672542578125,0.0620420677969958,0.01581,3.3,0.1721709,0.0458890395842121,0.000602369566258547,0.261531992979726,0.00130723432464941,0.799595743256476,1.04612797191891,0.764338364636004,0.0089459475813153,8.32364479088608,0.0974213691605236,80.95,"independent"
941002,30000,"steps_256",256,0.0007139203125,0.0620420677969958,0.01581,3.4,0.1827636,0.0481516068300877,0.000632996451400638,0.262242320100561,0.00130045908959729,0.790391634276536,1.04896928040224,0.753493595135072,0.00883256804441665,8.71038595976143,0.102104486593456,80.95,"independent"
941002,30000,"steps_256",256,0.000756533203125,0.0620420677969958,0.01581,3.5,0.1936725,0.0504248194645383,0.000663862731492175,0.262965650833507,0.00129363561906337,0.781083831693271,1.05186260333403,0.742572108959397,0.00871826238629423,9.09650833475261,0.106798714232104,80.95,"independent"
