"run_key","case","panel","experiment","stage","scenario_id","replication","seed","n_steps","terminal","delta","correction_profile","priority","frozen_status"
"production__R01__rep01__n10000000__T50",10001,"development","production","feasibility","R01",1,110001001,10000000,50,5e-06,"finite_window_correction_numerical_profiles.csv",1,"planned"
"production__R01__rep02__n10000000__T50",10002,"development","production","feasibility","R01",2,110001002,10000000,50,5e-06,"finite_window_correction_numerical_profiles.csv",1,"planned"
"production__R01__rep03__n10000000__T50",10003,"development","production","feasibility","R01",3,110001003,10000000,50,5e-06,"finite_window_correction_numerical_profiles.csv",1,"planned"
"production__R01__rep04__n10000000__T50",10004,"development","production","primary_expansion","R01",4,110001004,10000000,50,5e-06,"finite_window_correction_numerical_profiles.csv",2,"planned"
"production__R01__rep05__n10000000__T50",10005,"development","production","primary_expansion","R01",5,110001005,10000000,50,5e-06,"finite_window_correction_numerical_profiles.csv",2,"planned"
"production__R01__rep06__n10000000__T50",10006,"development","production","primary_expansion","R01",6,110001006,10000000,50,5e-06,"finite_window_correction_numerical_profiles.csv",2,"planned"
"production__R01__rep07__n10000000__T50",10007,"development","production","primary_expansion","R01",7,110001007,10000000,50,5e-06,"finite_window_correction_numerical_profiles.csv",2,"planned"
"production__R01__rep08__n10000000__T50",10008,"development","production","primary_expansion","R01",8,110001008,10000000,50,5e-06,"finite_window_correction_numerical_profiles.csv",2,"planned"
"production__R01__rep09__n10000000__T50",10009,"untouched","production","untouched_final","R01",9,120001001,10000000,50,5e-06,"finite_window_correction_numerical_profiles.csv",6,"planned"
"production__R02__rep01__n10000000__T50",10010,"development","production","feasibility","R02",1,110002001,10000000,50,5e-06,"finite_window_correction_numerical_profiles.csv",1,"planned"
"production__R02__rep02__n10000000__T50",10011,"development","production","feasibility","R02",2,110002002,10000000,50,5e-06,"finite_window_correction_numerical_profiles.csv",1,"planned"
"production__R02__rep03__n10000000__T50",10012,"development","production","feasibility","R02",3,110002003,10000000,50,5e-06,"finite_window_correction_numerical_profiles.csv",1,"planned"
"production__R02__rep04__n10000000__T50",10013,"development","production","primary_expansion","R02",4,110002004,10000000,50,5e-06,"finite_window_correction_numerical_profiles.csv",2,"planned"
"production__R02__rep05__n10000000__T50",10014,"development","production","primary_expansion","R02",5,110002005,10000000,50,5e-06,"finite_window_correction_numerical_profiles.csv",2,"planned"
"production__R02__rep06__n10000000__T50",10015,"development","production","primary_expansion","R02",6,110002006,10000000,50,5e-06,"finite_window_correction_numerical_profiles.csv",2,"planned"
"production__R02__rep07__n10000000__T50",10016,"development","production","primary_expansion","R02",7,110002007,10000000,50,5e-06,"finite_window_correction_numerical_profiles.csv",2,"planned"
"production__R02__rep08__n10000000__T50",10017,"development","production","primary_expansion","R02",8,110002008,10000000,50,5e-06,"finite_window_correction_numerical_profiles.csv",2,"planned"
"production__R02__rep09__n10000000__T50",10018,"untouched","production","untouched_final","R02",9,120002001,10000000,50,5e-06,"finite_window_correction_numerical_profiles.csv",6,"planned"
"production__R03__rep01__n10000000__T50",10019,"development","production","feasibility","R03",1,110003001,10000000,50,5e-06,"finite_window_correction_numerical_profiles.csv",1,"planned"
"production__R03__rep02__n10000000__T50",10020,"development","production","feasibility","R03",2,110003002,10000000,50,5e-06,"finite_window_correction_numerical_profiles.csv",1,"planned"
"production__R03__rep03__n10000000__T50",10021,"development","production","feasibility","R03",3,110003003,10000000,50,5e-06,"finite_window_correction_numerical_profiles.csv",1,"planned"
"production__R03__rep04__n10000000__T50",10022,"development","production","primary_expansion","R03",4,110003004,10000000,50,5e-06,"finite_window_correction_numerical_profiles.csv",2,"planned"
"production__R03__rep05__n10000000__T50",10023,"development","production","primary_expansion","R03",5,110003005,10000000,50,5e-06,"finite_window_correction_numerical_profiles.csv",2,"planned"
"production__R03__rep06__n10000000__T50",10024,"development","production","primary_expansion","R03",6,110003006,10000000,50,5e-06,"finite_window_correction_numerical_profiles.csv",2,"planned"
"production__R03__rep07__n10000000__T50",10025,"development","production","primary_expansion","R03",7,110003007,10000000,50,5e-06,"finite_window_correction_numerical_profiles.csv",2,"planned"
"production__R03__rep08__n10000000__T50",10026,"development","production","primary_expansion","R03",8,110003008,10000000,50,5e-06,"finite_window_correction_numerical_profiles.csv",2,"planned"
"production__R03__rep09__n10000000__T50",10027,"untouched","production","untouched_final","R03",9,120003001,10000000,50,5e-06,"finite_window_correction_numerical_profiles.csv",6,"planned"
"production__R04__rep01__n10000000__T50",10028,"development","production","feasibility","R04",1,110004001,10000000,50,5e-06,"finite_window_correction_numerical_profiles.csv",1,"planned"
"production__R04__rep02__n10000000__T50",10029,"development","production","feasibility","R04",2,110004002,10000000,50,5e-06,"finite_window_correction_numerical_profiles.csv",1,"planned"
"production__R04__rep03__n10000000__T50",10030,"development","production","feasibility","R04",3,110004003,10000000,50,5e-06,"finite_window_correction_numerical_profiles.csv",1,"planned"
"production__R04__rep04__n10000000__T50",10031,"development","production","primary_expansion","R04",4,110004004,10000000,50,5e-06,"finite_window_correction_numerical_profiles.csv",2,"planned"
"production__R04__rep05__n10000000__T50",10032,"development","production","primary_expansion","R04",5,110004005,10000000,50,5e-06,"finite_window_correction_numerical_profiles.csv",2,"planned"
"production__R04__rep06__n10000000__T50",10033,"development","production","primary_expansion","R04",6,110004006,10000000,50,5e-06,"finite_window_correction_numerical_profiles.csv",2,"planned"
"production__R04__rep07__n10000000__T50",10034,"development","production","primary_expansion","R04",7,110004007,10000000,50,5e-06,"finite_window_correction_numerical_profiles.csv",2,"planned"
"production__R04__rep08__n10000000__T50",10035,"development","production","primary_expansion","R04",8,110004008,10000000,50,5e-06,"finite_window_correction_numerical_profiles.csv",2,"planned"
"production__R04__rep09__n10000000__T50",10036,"untouched","production","untouched_final","R04",9,120004001,10000000,50,5e-06,"finite_window_correction_numerical_profiles.csv",6,"planned"
"production__R05__rep01__n10000000__T50",10037,"development","production","feasibility","R05",1,110005001,10000000,50,5e-06,"finite_window_correction_numerical_profiles.csv",1,"planned"
"production__R05__rep02__n10000000__T50",10038,"development","production","feasibility","R05",2,110005002,10000000,50,5e-06,"finite_window_correction_numerical_profiles.csv",1,"planned"
"production__R05__rep03__n10000000__T50",10039,"development","production","feasibility","R05",3,110005003,10000000,50,5e-06,"finite_window_correction_numerical_profiles.csv",1,"planned"
"production__R05__rep04__n10000000__T50",10040,"development","production","primary_expansion","R05",4,110005004,10000000,50,5e-06,"finite_window_correction_numerical_profiles.csv",2,"planned"
"production__R05__rep05__n10000000__T50",10041,"development","production","primary_expansion","R05",5,110005005,10000000,50,5e-06,"finite_window_correction_numerical_profiles.csv",2,"planned"
"production__R05__rep06__n10000000__T50",10042,"development","production","primary_expansion","R05",6,110005006,10000000,50,5e-06,"finite_window_correction_numerical_profiles.csv",2,"planned"
"production__R05__rep07__n10000000__T50",10043,"development","production","primary_expansion","R05",7,110005007,10000000,50,5e-06,"finite_window_correction_numerical_profiles.csv",2,"planned"
"production__R05__rep08__n10000000__T50",10044,"development","production","primary_expansion","R05",8,110005008,10000000,50,5e-06,"finite_window_correction_numerical_profiles.csv",2,"planned"
"production__R05__rep09__n10000000__T50",10045,"untouched","production","untouched_final","R05",9,120005001,10000000,50,5e-06,"finite_window_correction_numerical_profiles.csv",6,"planned"
"production__R06__rep01__n10000000__T50",10046,"development","production","feasibility","R06",1,110006001,10000000,50,5e-06,"finite_window_correction_numerical_profiles.csv",1,"planned"
"production__R06__rep02__n10000000__T50",10047,"development","production","feasibility","R06",2,110006002,10000000,50,5e-06,"finite_window_correction_numerical_profiles.csv",1,"planned"
"production__R06__rep03__n10000000__T50",10048,"development","production","feasibility","R06",3,110006003,10000000,50,5e-06,"finite_window_correction_numerical_profiles.csv",1,"planned"
"production__R06__rep04__n10000000__T50",10049,"development","production","primary_expansion","R06",4,110006004,10000000,50,5e-06,"finite_window_correction_numerical_profiles.csv",2,"planned"
"production__R06__rep05__n10000000__T50",10050,"development","production","primary_expansion","R06",5,110006005,10000000,50,5e-06,"finite_window_correction_numerical_profiles.csv",2,"planned"
"production__R06__rep06__n10000000__T50",10051,"development","production","primary_expansion","R06",6,110006006,10000000,50,5e-06,"finite_window_correction_numerical_profiles.csv",2,"planned"
"production__R06__rep07__n10000000__T50",10052,"development","production","primary_expansion","R06",7,110006007,10000000,50,5e-06,"finite_window_correction_numerical_profiles.csv",2,"planned"
"production__R06__rep08__n10000000__T50",10053,"development","production","primary_expansion","R06",8,110006008,10000000,50,5e-06,"finite_window_correction_numerical_profiles.csv",2,"planned"
"production__R06__rep09__n10000000__T50",10054,"untouched","production","untouched_final","R06",9,120006001,10000000,50,5e-06,"finite_window_correction_numerical_profiles.csv",6,"planned"
"production__R07__rep01__n10000000__T50",10055,"development","production","feasibility","R07",1,110007001,10000000,50,5e-06,"finite_window_correction_numerical_profiles.csv",1,"planned"
"production__R07__rep02__n10000000__T50",10056,"development","production","feasibility","R07",2,110007002,10000000,50,5e-06,"finite_window_correction_numerical_profiles.csv",1,"planned"
"production__R07__rep03__n10000000__T50",10057,"development","production","feasibility","R07",3,110007003,10000000,50,5e-06,"finite_window_correction_numerical_profiles.csv",1,"planned"
"production__R07__rep04__n10000000__T50",10058,"development","production","primary_expansion","R07",4,110007004,10000000,50,5e-06,"finite_window_correction_numerical_profiles.csv",2,"planned"
"production__R07__rep05__n10000000__T50",10059,"development","production","primary_expansion","R07",5,110007005,10000000,50,5e-06,"finite_window_correction_numerical_profiles.csv",2,"planned"
"production__R07__rep06__n10000000__T50",10060,"development","production","primary_expansion","R07",6,110007006,10000000,50,5e-06,"finite_window_correction_numerical_profiles.csv",2,"planned"
"production__R07__rep07__n10000000__T50",10061,"development","production","primary_expansion","R07",7,110007007,10000000,50,5e-06,"finite_window_correction_numerical_profiles.csv",2,"planned"
"production__R07__rep08__n10000000__T50",10062,"development","production","primary_expansion","R07",8,110007008,10000000,50,5e-06,"finite_window_correction_numerical_profiles.csv",2,"planned"
"production__R07__rep09__n10000000__T50",10063,"untouched","production","untouched_final","R07",9,120007001,10000000,50,5e-06,"finite_window_correction_numerical_profiles.csv",6,"planned"
"production__R08__rep01__n10000000__T50",10064,"development","production","feasibility","R08",1,110008001,10000000,50,5e-06,"finite_window_correction_numerical_profiles.csv",1,"planned"
"production__R08__rep02__n10000000__T50",10065,"development","production","feasibility","R08",2,110008002,10000000,50,5e-06,"finite_window_correction_numerical_profiles.csv",1,"planned"
"production__R08__rep03__n10000000__T50",10066,"development","production","feasibility","R08",3,110008003,10000000,50,5e-06,"finite_window_correction_numerical_profiles.csv",1,"planned"
"production__R08__rep04__n10000000__T50",10067,"development","production","primary_expansion","R08",4,110008004,10000000,50,5e-06,"finite_window_correction_numerical_profiles.csv",2,"planned"
"production__R08__rep05__n10000000__T50",10068,"development","production","primary_expansion","R08",5,110008005,10000000,50,5e-06,"finite_window_correction_numerical_profiles.csv",2,"planned"
"production__R08__rep06__n10000000__T50",10069,"development","production","primary_expansion","R08",6,110008006,10000000,50,5e-06,"finite_window_correction_numerical_profiles.csv",2,"planned"
"production__R08__rep07__n10000000__T50",10070,"development","production","primary_expansion","R08",7,110008007,10000000,50,5e-06,"finite_window_correction_numerical_profiles.csv",2,"planned"
"production__R08__rep08__n10000000__T50",10071,"development","production","primary_expansion","R08",8,110008008,10000000,50,5e-06,"finite_window_correction_numerical_profiles.csv",2,"planned"
"production__R08__rep09__n10000000__T50",10072,"untouched","production","untouched_final","R08",9,120008001,10000000,50,5e-06,"finite_window_correction_numerical_profiles.csv",6,"planned"
"production__R09__rep01__n10000000__T50",10073,"development","production","feasibility","R09",1,110009001,10000000,50,5e-06,"finite_window_correction_numerical_profiles.csv",1,"planned"
"production__R09__rep02__n10000000__T50",10074,"development","production","feasibility","R09",2,110009002,10000000,50,5e-06,"finite_window_correction_numerical_profiles.csv",1,"planned"
"production__R09__rep03__n10000000__T50",10075,"development","production","feasibility","R09",3,110009003,10000000,50,5e-06,"finite_window_correction_numerical_profiles.csv",1,"planned"
"production__R09__rep04__n10000000__T50",10076,"development","production","primary_expansion","R09",4,110009004,10000000,50,5e-06,"finite_window_correction_numerical_profiles.csv",2,"planned"
"production__R09__rep05__n10000000__T50",10077,"development","production","primary_expansion","R09",5,110009005,10000000,50,5e-06,"finite_window_correction_numerical_profiles.csv",2,"planned"
"production__R09__rep06__n10000000__T50",10078,"development","production","primary_expansion","R09",6,110009006,10000000,50,5e-06,"finite_window_correction_numerical_profiles.csv",2,"planned"
"production__R09__rep07__n10000000__T50",10079,"development","production","primary_expansion","R09",7,110009007,10000000,50,5e-06,"finite_window_correction_numerical_profiles.csv",2,"planned"
"production__R09__rep08__n10000000__T50",10080,"development","production","primary_expansion","R09",8,110009008,10000000,50,5e-06,"finite_window_correction_numerical_profiles.csv",2,"planned"
"production__R09__rep09__n10000000__T50",10081,"untouched","production","untouched_final","R09",9,120009001,10000000,50,5e-06,"finite_window_correction_numerical_profiles.csv",6,"planned"
"production__R10__rep01__n10000000__T50",10082,"development","production","feasibility","R10",1,110010001,10000000,50,5e-06,"finite_window_correction_numerical_profiles.csv",1,"planned"
"production__R10__rep02__n10000000__T50",10083,"development","production","feasibility","R10",2,110010002,10000000,50,5e-06,"finite_window_correction_numerical_profiles.csv",1,"planned"
"production__R10__rep03__n10000000__T50",10084,"development","production","feasibility","R10",3,110010003,10000000,50,5e-06,"finite_window_correction_numerical_profiles.csv",1,"planned"
"production__R10__rep04__n10000000__T50",10085,"development","production","primary_expansion","R10",4,110010004,10000000,50,5e-06,"finite_window_correction_numerical_profiles.csv",2,"planned"
"production__R10__rep05__n10000000__T50",10086,"development","production","primary_expansion","R10",5,110010005,10000000,50,5e-06,"finite_window_correction_numerical_profiles.csv",2,"planned"
"production__R10__rep06__n10000000__T50",10087,"development","production","primary_expansion","R10",6,110010006,10000000,50,5e-06,"finite_window_correction_numerical_profiles.csv",2,"planned"
"production__R10__rep07__n10000000__T50",10088,"development","production","primary_expansion","R10",7,110010007,10000000,50,5e-06,"finite_window_correction_numerical_profiles.csv",2,"planned"
"production__R10__rep08__n10000000__T50",10089,"development","production","primary_expansion","R10",8,110010008,10000000,50,5e-06,"finite_window_correction_numerical_profiles.csv",2,"planned"
"production__R10__rep09__n10000000__T50",10090,"untouched","production","untouched_final","R10",9,120010001,10000000,50,5e-06,"finite_window_correction_numerical_profiles.csv",6,"planned"
"production__R11__rep01__n10000000__T50",10091,"development","production","feasibility","R11",1,110011001,10000000,50,5e-06,"finite_window_correction_numerical_profiles.csv",1,"planned"
"production__R11__rep02__n10000000__T50",10092,"development","production","feasibility","R11",2,110011002,10000000,50,5e-06,"finite_window_correction_numerical_profiles.csv",1,"planned"
"production__R11__rep03__n10000000__T50",10093,"development","production","feasibility","R11",3,110011003,10000000,50,5e-06,"finite_window_correction_numerical_profiles.csv",1,"planned"
"production__R11__rep04__n10000000__T50",10094,"development","production","primary_expansion","R11",4,110011004,10000000,50,5e-06,"finite_window_correction_numerical_profiles.csv",2,"planned"
"production__R11__rep05__n10000000__T50",10095,"development","production","primary_expansion","R11",5,110011005,10000000,50,5e-06,"finite_window_correction_numerical_profiles.csv",2,"planned"
"production__R11__rep06__n10000000__T50",10096,"development","production","primary_expansion","R11",6,110011006,10000000,50,5e-06,"finite_window_correction_numerical_profiles.csv",2,"planned"
"production__R11__rep07__n10000000__T50",10097,"development","production","primary_expansion","R11",7,110011007,10000000,50,5e-06,"finite_window_correction_numerical_profiles.csv",2,"planned"
"production__R11__rep08__n10000000__T50",10098,"development","production","primary_expansion","R11",8,110011008,10000000,50,5e-06,"finite_window_correction_numerical_profiles.csv",2,"planned"
"production__R11__rep09__n10000000__T50",10099,"untouched","production","untouched_final","R11",9,120011001,10000000,50,5e-06,"finite_window_correction_numerical_profiles.csv",6,"planned"
"production__R12__rep01__n10000000__T50",10100,"development","production","feasibility","R12",1,110012001,10000000,50,5e-06,"finite_window_correction_numerical_profiles.csv",1,"planned"
"production__R12__rep02__n10000000__T50",10101,"development","production","feasibility","R12",2,110012002,10000000,50,5e-06,"finite_window_correction_numerical_profiles.csv",1,"planned"
"production__R12__rep03__n10000000__T50",10102,"development","production","feasibility","R12",3,110012003,10000000,50,5e-06,"finite_window_correction_numerical_profiles.csv",1,"planned"
"production__R12__rep04__n10000000__T50",10103,"development","production","primary_expansion","R12",4,110012004,10000000,50,5e-06,"finite_window_correction_numerical_profiles.csv",2,"planned"
"production__R12__rep05__n10000000__T50",10104,"development","production","primary_expansion","R12",5,110012005,10000000,50,5e-06,"finite_window_correction_numerical_profiles.csv",2,"planned"
"production__R12__rep06__n10000000__T50",10105,"development","production","primary_expansion","R12",6,110012006,10000000,50,5e-06,"finite_window_correction_numerical_profiles.csv",2,"planned"
"production__R12__rep07__n10000000__T50",10106,"development","production","primary_expansion","R12",7,110012007,10000000,50,5e-06,"finite_window_correction_numerical_profiles.csv",2,"planned"
"production__R12__rep08__n10000000__T50",10107,"development","production","primary_expansion","R12",8,110012008,10000000,50,5e-06,"finite_window_correction_numerical_profiles.csv",2,"planned"
"production__R12__rep09__n10000000__T50",10108,"untouched","production","untouched_final","R12",9,120012001,10000000,50,5e-06,"finite_window_correction_numerical_profiles.csv",6,"planned"
"infill__R01__rep01__n1000000__T50",10109,"development","infill","feasibility_characterization","R01",1,210001001,1000000,50,5e-05,"overarching_profiles/finite_window_profile_n1000000_T50.csv",3,"planned"
"infill__R01__rep02__n1000000__T50",10110,"development","infill","feasibility_characterization","R01",2,210001002,1000000,50,5e-05,"overarching_profiles/finite_window_profile_n1000000_T50.csv",3,"planned"
"infill__R01__rep03__n1000000__T50",10111,"development","infill","feasibility_characterization","R01",3,210001003,1000000,50,5e-05,"overarching_profiles/finite_window_profile_n1000000_T50.csv",3,"planned"
"infill__R02__rep01__n1000000__T50",10112,"development","infill","feasibility_characterization","R02",1,210002001,1000000,50,5e-05,"overarching_profiles/finite_window_profile_n1000000_T50.csv",3,"planned"
"infill__R02__rep02__n1000000__T50",10113,"development","infill","feasibility_characterization","R02",2,210002002,1000000,50,5e-05,"overarching_profiles/finite_window_profile_n1000000_T50.csv",3,"planned"
"infill__R02__rep03__n1000000__T50",10114,"development","infill","feasibility_characterization","R02",3,210002003,1000000,50,5e-05,"overarching_profiles/finite_window_profile_n1000000_T50.csv",3,"planned"
"infill__R03__rep01__n1000000__T50",10115,"development","infill","feasibility_characterization","R03",1,210003001,1000000,50,5e-05,"overarching_profiles/finite_window_profile_n1000000_T50.csv",3,"planned"
"infill__R03__rep02__n1000000__T50",10116,"development","infill","feasibility_characterization","R03",2,210003002,1000000,50,5e-05,"overarching_profiles/finite_window_profile_n1000000_T50.csv",3,"planned"
"infill__R03__rep03__n1000000__T50",10117,"development","infill","feasibility_characterization","R03",3,210003003,1000000,50,5e-05,"overarching_profiles/finite_window_profile_n1000000_T50.csv",3,"planned"
"infill__R04__rep01__n1000000__T50",10118,"development","infill","feasibility_characterization","R04",1,210004001,1000000,50,5e-05,"overarching_profiles/finite_window_profile_n1000000_T50.csv",3,"planned"
"infill__R04__rep02__n1000000__T50",10119,"development","infill","feasibility_characterization","R04",2,210004002,1000000,50,5e-05,"overarching_profiles/finite_window_profile_n1000000_T50.csv",3,"planned"
"infill__R04__rep03__n1000000__T50",10120,"development","infill","feasibility_characterization","R04",3,210004003,1000000,50,5e-05,"overarching_profiles/finite_window_profile_n1000000_T50.csv",3,"planned"
"infill__R05__rep01__n1000000__T50",10121,"development","infill","feasibility_characterization","R05",1,210005001,1000000,50,5e-05,"overarching_profiles/finite_window_profile_n1000000_T50.csv",3,"planned"
"infill__R05__rep02__n1000000__T50",10122,"development","infill","feasibility_characterization","R05",2,210005002,1000000,50,5e-05,"overarching_profiles/finite_window_profile_n1000000_T50.csv",3,"planned"
"infill__R05__rep03__n1000000__T50",10123,"development","infill","feasibility_characterization","R05",3,210005003,1000000,50,5e-05,"overarching_profiles/finite_window_profile_n1000000_T50.csv",3,"planned"
"infill__R06__rep01__n1000000__T50",10124,"development","infill","feasibility_characterization","R06",1,210006001,1000000,50,5e-05,"overarching_profiles/finite_window_profile_n1000000_T50.csv",3,"planned"
"infill__R06__rep02__n1000000__T50",10125,"development","infill","feasibility_characterization","R06",2,210006002,1000000,50,5e-05,"overarching_profiles/finite_window_profile_n1000000_T50.csv",3,"planned"
"infill__R06__rep03__n1000000__T50",10126,"development","infill","feasibility_characterization","R06",3,210006003,1000000,50,5e-05,"overarching_profiles/finite_window_profile_n1000000_T50.csv",3,"planned"
"infill__R07__rep01__n1000000__T50",10127,"development","infill","feasibility_characterization","R07",1,210007001,1000000,50,5e-05,"overarching_profiles/finite_window_profile_n1000000_T50.csv",3,"planned"
"infill__R07__rep02__n1000000__T50",10128,"development","infill","feasibility_characterization","R07",2,210007002,1000000,50,5e-05,"overarching_profiles/finite_window_profile_n1000000_T50.csv",3,"planned"
"infill__R07__rep03__n1000000__T50",10129,"development","infill","feasibility_characterization","R07",3,210007003,1000000,50,5e-05,"overarching_profiles/finite_window_profile_n1000000_T50.csv",3,"planned"
"infill__R08__rep01__n1000000__T50",10130,"development","infill","feasibility_characterization","R08",1,210008001,1000000,50,5e-05,"overarching_profiles/finite_window_profile_n1000000_T50.csv",3,"planned"
"infill__R08__rep02__n1000000__T50",10131,"development","infill","feasibility_characterization","R08",2,210008002,1000000,50,5e-05,"overarching_profiles/finite_window_profile_n1000000_T50.csv",3,"planned"
"infill__R08__rep03__n1000000__T50",10132,"development","infill","feasibility_characterization","R08",3,210008003,1000000,50,5e-05,"overarching_profiles/finite_window_profile_n1000000_T50.csv",3,"planned"
"infill__R09__rep01__n1000000__T50",10133,"development","infill","feasibility_characterization","R09",1,210009001,1000000,50,5e-05,"overarching_profiles/finite_window_profile_n1000000_T50.csv",3,"planned"
"infill__R09__rep02__n1000000__T50",10134,"development","infill","feasibility_characterization","R09",2,210009002,1000000,50,5e-05,"overarching_profiles/finite_window_profile_n1000000_T50.csv",3,"planned"
"infill__R09__rep03__n1000000__T50",10135,"development","infill","feasibility_characterization","R09",3,210009003,1000000,50,5e-05,"overarching_profiles/finite_window_profile_n1000000_T50.csv",3,"planned"
"infill__R10__rep01__n1000000__T50",10136,"development","infill","feasibility_characterization","R10",1,210010001,1000000,50,5e-05,"overarching_profiles/finite_window_profile_n1000000_T50.csv",3,"planned"
"infill__R10__rep02__n1000000__T50",10137,"development","infill","feasibility_characterization","R10",2,210010002,1000000,50,5e-05,"overarching_profiles/finite_window_profile_n1000000_T50.csv",3,"planned"
"infill__R10__rep03__n1000000__T50",10138,"development","infill","feasibility_characterization","R10",3,210010003,1000000,50,5e-05,"overarching_profiles/finite_window_profile_n1000000_T50.csv",3,"planned"
"infill__R11__rep01__n1000000__T50",10139,"development","infill","feasibility_characterization","R11",1,210011001,1000000,50,5e-05,"overarching_profiles/finite_window_profile_n1000000_T50.csv",3,"planned"
"infill__R11__rep02__n1000000__T50",10140,"development","infill","feasibility_characterization","R11",2,210011002,1000000,50,5e-05,"overarching_profiles/finite_window_profile_n1000000_T50.csv",3,"planned"
"infill__R11__rep03__n1000000__T50",10141,"development","infill","feasibility_characterization","R11",3,210011003,1000000,50,5e-05,"overarching_profiles/finite_window_profile_n1000000_T50.csv",3,"planned"
"infill__R12__rep01__n1000000__T50",10142,"development","infill","feasibility_characterization","R12",1,210012001,1000000,50,5e-05,"overarching_profiles/finite_window_profile_n1000000_T50.csv",3,"planned"
"infill__R12__rep02__n1000000__T50",10143,"development","infill","feasibility_characterization","R12",2,210012002,1000000,50,5e-05,"overarching_profiles/finite_window_profile_n1000000_T50.csv",3,"planned"
"infill__R12__rep03__n1000000__T50",10144,"development","infill","feasibility_characterization","R12",3,210012003,1000000,50,5e-05,"overarching_profiles/finite_window_profile_n1000000_T50.csv",3,"planned"
"infill__R01__rep01__n4000000__T50",10145,"development","infill","feasibility_characterization","R01",1,220001001,4000000,50,1.25e-05,"overarching_profiles/finite_window_profile_n4000000_T50.csv",3,"planned"
"infill__R01__rep02__n4000000__T50",10146,"development","infill","feasibility_characterization","R01",2,220001002,4000000,50,1.25e-05,"overarching_profiles/finite_window_profile_n4000000_T50.csv",3,"planned"
"infill__R01__rep03__n4000000__T50",10147,"development","infill","feasibility_characterization","R01",3,220001003,4000000,50,1.25e-05,"overarching_profiles/finite_window_profile_n4000000_T50.csv",3,"planned"
"infill__R02__rep01__n4000000__T50",10148,"development","infill","feasibility_characterization","R02",1,220002001,4000000,50,1.25e-05,"overarching_profiles/finite_window_profile_n4000000_T50.csv",3,"planned"
"infill__R02__rep02__n4000000__T50",10149,"development","infill","feasibility_characterization","R02",2,220002002,4000000,50,1.25e-05,"overarching_profiles/finite_window_profile_n4000000_T50.csv",3,"planned"
"infill__R02__rep03__n4000000__T50",10150,"development","infill","feasibility_characterization","R02",3,220002003,4000000,50,1.25e-05,"overarching_profiles/finite_window_profile_n4000000_T50.csv",3,"planned"
"infill__R03__rep01__n4000000__T50",10151,"development","infill","feasibility_characterization","R03",1,220003001,4000000,50,1.25e-05,"overarching_profiles/finite_window_profile_n4000000_T50.csv",3,"planned"
"infill__R03__rep02__n4000000__T50",10152,"development","infill","feasibility_characterization","R03",2,220003002,4000000,50,1.25e-05,"overarching_profiles/finite_window_profile_n4000000_T50.csv",3,"planned"
"infill__R03__rep03__n4000000__T50",10153,"development","infill","feasibility_characterization","R03",3,220003003,4000000,50,1.25e-05,"overarching_profiles/finite_window_profile_n4000000_T50.csv",3,"planned"
"infill__R04__rep01__n4000000__T50",10154,"development","infill","feasibility_characterization","R04",1,220004001,4000000,50,1.25e-05,"overarching_profiles/finite_window_profile_n4000000_T50.csv",3,"planned"
"infill__R04__rep02__n4000000__T50",10155,"development","infill","feasibility_characterization","R04",2,220004002,4000000,50,1.25e-05,"overarching_profiles/finite_window_profile_n4000000_T50.csv",3,"planned"
"infill__R04__rep03__n4000000__T50",10156,"development","infill","feasibility_characterization","R04",3,220004003,4000000,50,1.25e-05,"overarching_profiles/finite_window_profile_n4000000_T50.csv",3,"planned"
"infill__R05__rep01__n4000000__T50",10157,"development","infill","feasibility_characterization","R05",1,220005001,4000000,50,1.25e-05,"overarching_profiles/finite_window_profile_n4000000_T50.csv",3,"planned"
"infill__R05__rep02__n4000000__T50",10158,"development","infill","feasibility_characterization","R05",2,220005002,4000000,50,1.25e-05,"overarching_profiles/finite_window_profile_n4000000_T50.csv",3,"planned"
"infill__R05__rep03__n4000000__T50",10159,"development","infill","feasibility_characterization","R05",3,220005003,4000000,50,1.25e-05,"overarching_profiles/finite_window_profile_n4000000_T50.csv",3,"planned"
"infill__R06__rep01__n4000000__T50",10160,"development","infill","feasibility_characterization","R06",1,220006001,4000000,50,1.25e-05,"overarching_profiles/finite_window_profile_n4000000_T50.csv",3,"planned"
"infill__R06__rep02__n4000000__T50",10161,"development","infill","feasibility_characterization","R06",2,220006002,4000000,50,1.25e-05,"overarching_profiles/finite_window_profile_n4000000_T50.csv",3,"planned"
"infill__R06__rep03__n4000000__T50",10162,"development","infill","feasibility_characterization","R06",3,220006003,4000000,50,1.25e-05,"overarching_profiles/finite_window_profile_n4000000_T50.csv",3,"planned"
"infill__R07__rep01__n4000000__T50",10163,"development","infill","feasibility_characterization","R07",1,220007001,4000000,50,1.25e-05,"overarching_profiles/finite_window_profile_n4000000_T50.csv",3,"planned"
"infill__R07__rep02__n4000000__T50",10164,"development","infill","feasibility_characterization","R07",2,220007002,4000000,50,1.25e-05,"overarching_profiles/finite_window_profile_n4000000_T50.csv",3,"planned"
"infill__R07__rep03__n4000000__T50",10165,"development","infill","feasibility_characterization","R07",3,220007003,4000000,50,1.25e-05,"overarching_profiles/finite_window_profile_n4000000_T50.csv",3,"planned"
"infill__R08__rep01__n4000000__T50",10166,"development","infill","feasibility_characterization","R08",1,220008001,4000000,50,1.25e-05,"overarching_profiles/finite_window_profile_n4000000_T50.csv",3,"planned"
"infill__R08__rep02__n4000000__T50",10167,"development","infill","feasibility_characterization","R08",2,220008002,4000000,50,1.25e-05,"overarching_profiles/finite_window_profile_n4000000_T50.csv",3,"planned"
"infill__R08__rep03__n4000000__T50",10168,"development","infill","feasibility_characterization","R08",3,220008003,4000000,50,1.25e-05,"overarching_profiles/finite_window_profile_n4000000_T50.csv",3,"planned"
"infill__R09__rep01__n4000000__T50",10169,"development","infill","feasibility_characterization","R09",1,220009001,4000000,50,1.25e-05,"overarching_profiles/finite_window_profile_n4000000_T50.csv",3,"planned"
"infill__R09__rep02__n4000000__T50",10170,"development","infill","feasibility_characterization","R09",2,220009002,4000000,50,1.25e-05,"overarching_profiles/finite_window_profile_n4000000_T50.csv",3,"planned"
"infill__R09__rep03__n4000000__T50",10171,"development","infill","feasibility_characterization","R09",3,220009003,4000000,50,1.25e-05,"overarching_profiles/finite_window_profile_n4000000_T50.csv",3,"planned"
"infill__R10__rep01__n4000000__T50",10172,"development","infill","feasibility_characterization","R10",1,220010001,4000000,50,1.25e-05,"overarching_profiles/finite_window_profile_n4000000_T50.csv",3,"planned"
"infill__R10__rep02__n4000000__T50",10173,"development","infill","feasibility_characterization","R10",2,220010002,4000000,50,1.25e-05,"overarching_profiles/finite_window_profile_n4000000_T50.csv",3,"planned"
"infill__R10__rep03__n4000000__T50",10174,"development","infill","feasibility_characterization","R10",3,220010003,4000000,50,1.25e-05,"overarching_profiles/finite_window_profile_n4000000_T50.csv",3,"planned"
"infill__R11__rep01__n4000000__T50",10175,"development","infill","feasibility_characterization","R11",1,220011001,4000000,50,1.25e-05,"overarching_profiles/finite_window_profile_n4000000_T50.csv",3,"planned"
"infill__R11__rep02__n4000000__T50",10176,"development","infill","feasibility_characterization","R11",2,220011002,4000000,50,1.25e-05,"overarching_profiles/finite_window_profile_n4000000_T50.csv",3,"planned"
"infill__R11__rep03__n4000000__T50",10177,"development","infill","feasibility_characterization","R11",3,220011003,4000000,50,1.25e-05,"overarching_profiles/finite_window_profile_n4000000_T50.csv",3,"planned"
"infill__R12__rep01__n4000000__T50",10178,"development","infill","feasibility_characterization","R12",1,220012001,4000000,50,1.25e-05,"overarching_profiles/finite_window_profile_n4000000_T50.csv",3,"planned"
"infill__R12__rep02__n4000000__T50",10179,"development","infill","feasibility_characterization","R12",2,220012002,4000000,50,1.25e-05,"overarching_profiles/finite_window_profile_n4000000_T50.csv",3,"planned"
"infill__R12__rep03__n4000000__T50",10180,"development","infill","feasibility_characterization","R12",3,220012003,4000000,50,1.25e-05,"overarching_profiles/finite_window_profile_n4000000_T50.csv",3,"planned"
"long_span__R01__rep01__n2500000__T25",10181,"development","long_span","feasibility_characterization","R01",1,310001001,2500000,25,1e-05,"overarching_profiles/finite_window_profile_n2500000_T25.csv",4,"planned"
"long_span__R01__rep02__n2500000__T25",10182,"development","long_span","feasibility_characterization","R01",2,310001002,2500000,25,1e-05,"overarching_profiles/finite_window_profile_n2500000_T25.csv",4,"planned"
"long_span__R01__rep03__n2500000__T25",10183,"development","long_span","feasibility_characterization","R01",3,310001003,2500000,25,1e-05,"overarching_profiles/finite_window_profile_n2500000_T25.csv",4,"planned"
"long_span__R02__rep01__n2500000__T25",10184,"development","long_span","feasibility_characterization","R02",1,310002001,2500000,25,1e-05,"overarching_profiles/finite_window_profile_n2500000_T25.csv",4,"planned"
"long_span__R02__rep02__n2500000__T25",10185,"development","long_span","feasibility_characterization","R02",2,310002002,2500000,25,1e-05,"overarching_profiles/finite_window_profile_n2500000_T25.csv",4,"planned"
"long_span__R02__rep03__n2500000__T25",10186,"development","long_span","feasibility_characterization","R02",3,310002003,2500000,25,1e-05,"overarching_profiles/finite_window_profile_n2500000_T25.csv",4,"planned"
"long_span__R03__rep01__n2500000__T25",10187,"development","long_span","feasibility_characterization","R03",1,310003001,2500000,25,1e-05,"overarching_profiles/finite_window_profile_n2500000_T25.csv",4,"planned"
"long_span__R03__rep02__n2500000__T25",10188,"development","long_span","feasibility_characterization","R03",2,310003002,2500000,25,1e-05,"overarching_profiles/finite_window_profile_n2500000_T25.csv",4,"planned"
"long_span__R03__rep03__n2500000__T25",10189,"development","long_span","feasibility_characterization","R03",3,310003003,2500000,25,1e-05,"overarching_profiles/finite_window_profile_n2500000_T25.csv",4,"planned"
"long_span__R04__rep01__n2500000__T25",10190,"development","long_span","feasibility_characterization","R04",1,310004001,2500000,25,1e-05,"overarching_profiles/finite_window_profile_n2500000_T25.csv",4,"planned"
"long_span__R04__rep02__n2500000__T25",10191,"development","long_span","feasibility_characterization","R04",2,310004002,2500000,25,1e-05,"overarching_profiles/finite_window_profile_n2500000_T25.csv",4,"planned"
"long_span__R04__rep03__n2500000__T25",10192,"development","long_span","feasibility_characterization","R04",3,310004003,2500000,25,1e-05,"overarching_profiles/finite_window_profile_n2500000_T25.csv",4,"planned"
"long_span__R05__rep01__n2500000__T25",10193,"development","long_span","feasibility_characterization","R05",1,310005001,2500000,25,1e-05,"overarching_profiles/finite_window_profile_n2500000_T25.csv",4,"planned"
"long_span__R05__rep02__n2500000__T25",10194,"development","long_span","feasibility_characterization","R05",2,310005002,2500000,25,1e-05,"overarching_profiles/finite_window_profile_n2500000_T25.csv",4,"planned"
"long_span__R05__rep03__n2500000__T25",10195,"development","long_span","feasibility_characterization","R05",3,310005003,2500000,25,1e-05,"overarching_profiles/finite_window_profile_n2500000_T25.csv",4,"planned"
"long_span__R12__rep01__n2500000__T25",10196,"development","long_span","feasibility_characterization","R12",1,310012001,2500000,25,1e-05,"overarching_profiles/finite_window_profile_n2500000_T25.csv",4,"planned"
"long_span__R12__rep02__n2500000__T25",10197,"development","long_span","feasibility_characterization","R12",2,310012002,2500000,25,1e-05,"overarching_profiles/finite_window_profile_n2500000_T25.csv",4,"planned"
"long_span__R12__rep03__n2500000__T25",10198,"development","long_span","feasibility_characterization","R12",3,310012003,2500000,25,1e-05,"overarching_profiles/finite_window_profile_n2500000_T25.csv",4,"planned"
"long_span__R01__rep01__n5000000__T50",10199,"development","long_span","feasibility_characterization","R01",1,320001001,5000000,50,1e-05,"overarching_profiles/finite_window_profile_n5000000_T50.csv",4,"planned"
"long_span__R01__rep02__n5000000__T50",10200,"development","long_span","feasibility_characterization","R01",2,320001002,5000000,50,1e-05,"overarching_profiles/finite_window_profile_n5000000_T50.csv",4,"planned"
"long_span__R01__rep03__n5000000__T50",10201,"development","long_span","feasibility_characterization","R01",3,320001003,5000000,50,1e-05,"overarching_profiles/finite_window_profile_n5000000_T50.csv",4,"planned"
"long_span__R02__rep01__n5000000__T50",10202,"development","long_span","feasibility_characterization","R02",1,320002001,5000000,50,1e-05,"overarching_profiles/finite_window_profile_n5000000_T50.csv",4,"planned"
"long_span__R02__rep02__n5000000__T50",10203,"development","long_span","feasibility_characterization","R02",2,320002002,5000000,50,1e-05,"overarching_profiles/finite_window_profile_n5000000_T50.csv",4,"planned"
"long_span__R02__rep03__n5000000__T50",10204,"development","long_span","feasibility_characterization","R02",3,320002003,5000000,50,1e-05,"overarching_profiles/finite_window_profile_n5000000_T50.csv",4,"planned"
"long_span__R03__rep01__n5000000__T50",10205,"development","long_span","feasibility_characterization","R03",1,320003001,5000000,50,1e-05,"overarching_profiles/finite_window_profile_n5000000_T50.csv",4,"planned"
"long_span__R03__rep02__n5000000__T50",10206,"development","long_span","feasibility_characterization","R03",2,320003002,5000000,50,1e-05,"overarching_profiles/finite_window_profile_n5000000_T50.csv",4,"planned"
"long_span__R03__rep03__n5000000__T50",10207,"development","long_span","feasibility_characterization","R03",3,320003003,5000000,50,1e-05,"overarching_profiles/finite_window_profile_n5000000_T50.csv",4,"planned"
"long_span__R04__rep01__n5000000__T50",10208,"development","long_span","feasibility_characterization","R04",1,320004001,5000000,50,1e-05,"overarching_profiles/finite_window_profile_n5000000_T50.csv",4,"planned"
"long_span__R04__rep02__n5000000__T50",10209,"development","long_span","feasibility_characterization","R04",2,320004002,5000000,50,1e-05,"overarching_profiles/finite_window_profile_n5000000_T50.csv",4,"planned"
"long_span__R04__rep03__n5000000__T50",10210,"development","long_span","feasibility_characterization","R04",3,320004003,5000000,50,1e-05,"overarching_profiles/finite_window_profile_n5000000_T50.csv",4,"planned"
"long_span__R05__rep01__n5000000__T50",10211,"development","long_span","feasibility_characterization","R05",1,320005001,5000000,50,1e-05,"overarching_profiles/finite_window_profile_n5000000_T50.csv",4,"planned"
"long_span__R05__rep02__n5000000__T50",10212,"development","long_span","feasibility_characterization","R05",2,320005002,5000000,50,1e-05,"overarching_profiles/finite_window_profile_n5000000_T50.csv",4,"planned"
"long_span__R05__rep03__n5000000__T50",10213,"development","long_span","feasibility_characterization","R05",3,320005003,5000000,50,1e-05,"overarching_profiles/finite_window_profile_n5000000_T50.csv",4,"planned"
"long_span__R12__rep01__n5000000__T50",10214,"development","long_span","feasibility_characterization","R12",1,320012001,5000000,50,1e-05,"overarching_profiles/finite_window_profile_n5000000_T50.csv",4,"planned"
"long_span__R12__rep02__n5000000__T50",10215,"development","long_span","feasibility_characterization","R12",2,320012002,5000000,50,1e-05,"overarching_profiles/finite_window_profile_n5000000_T50.csv",4,"planned"
"long_span__R12__rep03__n5000000__T50",10216,"development","long_span","feasibility_characterization","R12",3,320012003,5000000,50,1e-05,"overarching_profiles/finite_window_profile_n5000000_T50.csv",4,"planned"
"long_span__R01__rep01__n10000000__T100",10217,"development","long_span","feasibility_characterization","R01",1,330001001,10000000,100,1e-05,"overarching_profiles/finite_window_profile_n10000000_T100.csv",4,"planned"
"long_span__R01__rep02__n10000000__T100",10218,"development","long_span","feasibility_characterization","R01",2,330001002,10000000,100,1e-05,"overarching_profiles/finite_window_profile_n10000000_T100.csv",4,"planned"
"long_span__R01__rep03__n10000000__T100",10219,"development","long_span","feasibility_characterization","R01",3,330001003,10000000,100,1e-05,"overarching_profiles/finite_window_profile_n10000000_T100.csv",4,"planned"
"long_span__R02__rep01__n10000000__T100",10220,"development","long_span","feasibility_characterization","R02",1,330002001,10000000,100,1e-05,"overarching_profiles/finite_window_profile_n10000000_T100.csv",4,"planned"
"long_span__R02__rep02__n10000000__T100",10221,"development","long_span","feasibility_characterization","R02",2,330002002,10000000,100,1e-05,"overarching_profiles/finite_window_profile_n10000000_T100.csv",4,"planned"
"long_span__R02__rep03__n10000000__T100",10222,"development","long_span","feasibility_characterization","R02",3,330002003,10000000,100,1e-05,"overarching_profiles/finite_window_profile_n10000000_T100.csv",4,"planned"
"long_span__R03__rep01__n10000000__T100",10223,"development","long_span","feasibility_characterization","R03",1,330003001,10000000,100,1e-05,"overarching_profiles/finite_window_profile_n10000000_T100.csv",4,"planned"
"long_span__R03__rep02__n10000000__T100",10224,"development","long_span","feasibility_characterization","R03",2,330003002,10000000,100,1e-05,"overarching_profiles/finite_window_profile_n10000000_T100.csv",4,"planned"
"long_span__R03__rep03__n10000000__T100",10225,"development","long_span","feasibility_characterization","R03",3,330003003,10000000,100,1e-05,"overarching_profiles/finite_window_profile_n10000000_T100.csv",4,"planned"
"long_span__R04__rep01__n10000000__T100",10226,"development","long_span","feasibility_characterization","R04",1,330004001,10000000,100,1e-05,"overarching_profiles/finite_window_profile_n10000000_T100.csv",4,"planned"
"long_span__R04__rep02__n10000000__T100",10227,"development","long_span","feasibility_characterization","R04",2,330004002,10000000,100,1e-05,"overarching_profiles/finite_window_profile_n10000000_T100.csv",4,"planned"
"long_span__R04__rep03__n10000000__T100",10228,"development","long_span","feasibility_characterization","R04",3,330004003,10000000,100,1e-05,"overarching_profiles/finite_window_profile_n10000000_T100.csv",4,"planned"
"long_span__R05__rep01__n10000000__T100",10229,"development","long_span","feasibility_characterization","R05",1,330005001,10000000,100,1e-05,"overarching_profiles/finite_window_profile_n10000000_T100.csv",4,"planned"
"long_span__R05__rep02__n10000000__T100",10230,"development","long_span","feasibility_characterization","R05",2,330005002,10000000,100,1e-05,"overarching_profiles/finite_window_profile_n10000000_T100.csv",4,"planned"
"long_span__R05__rep03__n10000000__T100",10231,"development","long_span","feasibility_characterization","R05",3,330005003,10000000,100,1e-05,"overarching_profiles/finite_window_profile_n10000000_T100.csv",4,"planned"
"long_span__R12__rep01__n10000000__T100",10232,"development","long_span","feasibility_characterization","R12",1,330012001,10000000,100,1e-05,"overarching_profiles/finite_window_profile_n10000000_T100.csv",4,"planned"
"long_span__R12__rep02__n10000000__T100",10233,"development","long_span","feasibility_characterization","R12",2,330012002,10000000,100,1e-05,"overarching_profiles/finite_window_profile_n10000000_T100.csv",4,"planned"
"long_span__R12__rep03__n10000000__T100",10234,"development","long_span","feasibility_characterization","R12",3,330012003,10000000,100,1e-05,"overarching_profiles/finite_window_profile_n10000000_T100.csv",4,"planned"
"heavy_tail_stress__R02__rep01__n10000000__T50",10235,"development","heavy_tail_stress","stress_feasibility","R02",1,410002001,10000000,50,5e-06,"finite_window_correction_numerical_profiles.csv",5,"planned"
"heavy_tail_stress__R02__rep02__n10000000__T50",10236,"development","heavy_tail_stress","stress_feasibility","R02",2,410002002,10000000,50,5e-06,"finite_window_correction_numerical_profiles.csv",5,"planned"
"heavy_tail_stress__R02__rep03__n10000000__T50",10237,"development","heavy_tail_stress","stress_feasibility","R02",3,410002003,10000000,50,5e-06,"finite_window_correction_numerical_profiles.csv",5,"planned"
"heavy_tail_stress__R02__rep04__n10000000__T50",10238,"development","heavy_tail_stress","stress_expansion","R02",4,410002004,10000000,50,5e-06,"finite_window_correction_numerical_profiles.csv",5,"planned"
"heavy_tail_stress__R03__rep01__n10000000__T50",10239,"development","heavy_tail_stress","stress_feasibility","R03",1,410003001,10000000,50,5e-06,"finite_window_correction_numerical_profiles.csv",5,"planned"
"heavy_tail_stress__R03__rep02__n10000000__T50",10240,"development","heavy_tail_stress","stress_feasibility","R03",2,410003002,10000000,50,5e-06,"finite_window_correction_numerical_profiles.csv",5,"planned"
"heavy_tail_stress__R03__rep03__n10000000__T50",10241,"development","heavy_tail_stress","stress_feasibility","R03",3,410003003,10000000,50,5e-06,"finite_window_correction_numerical_profiles.csv",5,"planned"
"heavy_tail_stress__R03__rep04__n10000000__T50",10242,"development","heavy_tail_stress","stress_expansion","R03",4,410003004,10000000,50,5e-06,"finite_window_correction_numerical_profiles.csv",5,"planned"
"heavy_tail_stress__R04__rep01__n10000000__T50",10243,"development","heavy_tail_stress","stress_feasibility","R04",1,410004001,10000000,50,5e-06,"finite_window_correction_numerical_profiles.csv",5,"planned"
"heavy_tail_stress__R04__rep02__n10000000__T50",10244,"development","heavy_tail_stress","stress_feasibility","R04",2,410004002,10000000,50,5e-06,"finite_window_correction_numerical_profiles.csv",5,"planned"
"heavy_tail_stress__R04__rep03__n10000000__T50",10245,"development","heavy_tail_stress","stress_feasibility","R04",3,410004003,10000000,50,5e-06,"finite_window_correction_numerical_profiles.csv",5,"planned"
"heavy_tail_stress__R04__rep04__n10000000__T50",10246,"development","heavy_tail_stress","stress_expansion","R04",4,410004004,10000000,50,5e-06,"finite_window_correction_numerical_profiles.csv",5,"planned"
"heavy_tail_stress__R05__rep01__n10000000__T50",10247,"development","heavy_tail_stress","stress_feasibility","R05",1,410005001,10000000,50,5e-06,"finite_window_correction_numerical_profiles.csv",5,"planned"
"heavy_tail_stress__R05__rep02__n10000000__T50",10248,"development","heavy_tail_stress","stress_feasibility","R05",2,410005002,10000000,50,5e-06,"finite_window_correction_numerical_profiles.csv",5,"planned"
"heavy_tail_stress__R05__rep03__n10000000__T50",10249,"development","heavy_tail_stress","stress_feasibility","R05",3,410005003,10000000,50,5e-06,"finite_window_correction_numerical_profiles.csv",5,"planned"
"heavy_tail_stress__R05__rep04__n10000000__T50",10250,"development","heavy_tail_stress","stress_expansion","R05",4,410005004,10000000,50,5e-06,"finite_window_correction_numerical_profiles.csv",5,"planned"
"heavy_tail_stress__R12__rep01__n10000000__T50",10251,"development","heavy_tail_stress","stress_feasibility","R12",1,410012001,10000000,50,5e-06,"finite_window_correction_numerical_profiles.csv",5,"planned"
"heavy_tail_stress__R12__rep02__n10000000__T50",10252,"development","heavy_tail_stress","stress_feasibility","R12",2,410012002,10000000,50,5e-06,"finite_window_correction_numerical_profiles.csv",5,"planned"
"heavy_tail_stress__R12__rep03__n10000000__T50",10253,"development","heavy_tail_stress","stress_feasibility","R12",3,410012003,10000000,50,5e-06,"finite_window_correction_numerical_profiles.csv",5,"planned"
"heavy_tail_stress__R12__rep04__n10000000__T50",10254,"development","heavy_tail_stress","stress_expansion","R12",4,410012004,10000000,50,5e-06,"finite_window_correction_numerical_profiles.csv",5,"planned"
