"panel","run_id","case","seed","alpha","sigma2","sigma1","rho","n_steps","terminal"
"development","production__R01__rep01__n10000000__T50",10001,110001001,1.25,1,1.2,1.45,10000000,50
"development","production__R01__rep02__n10000000__T50",10002,110001002,1.25,1,1.2,1.45,10000000,50
"development","production__R01__rep03__n10000000__T50",10003,110001003,1.25,1,1.2,1.45,10000000,50
"development","production__R01__rep04__n10000000__T50",10004,110001004,1.25,1,1.2,1.45,10000000,50
"development","production__R01__rep05__n10000000__T50",10005,110001005,1.25,1,1.2,1.45,10000000,50
"development","production__R01__rep06__n10000000__T50",10006,110001006,1.25,1,1.2,1.45,10000000,50
"development","production__R01__rep07__n10000000__T50",10007,110001007,1.25,1,1.2,1.45,10000000,50
"development","production__R01__rep08__n10000000__T50",10008,110001008,1.25,1,1.2,1.45,10000000,50
"untouched","production__R01__rep09__n10000000__T50",10009,120001001,1.25,1,1.2,1.45,10000000,50
"development","production__R02__rep01__n10000000__T50",10010,110002001,1.45,0.6,1.6,0.9,10000000,50
"development","production__R02__rep02__n10000000__T50",10011,110002002,1.45,0.6,1.6,0.9,10000000,50
"development","production__R02__rep03__n10000000__T50",10012,110002003,1.45,0.6,1.6,0.9,10000000,50
"development","production__R02__rep04__n10000000__T50",10013,110002004,1.45,0.6,1.6,0.9,10000000,50
"development","production__R02__rep05__n10000000__T50",10014,110002005,1.45,0.6,1.6,0.9,10000000,50
"development","production__R02__rep06__n10000000__T50",10015,110002006,1.45,0.6,1.6,0.9,10000000,50
"development","production__R02__rep07__n10000000__T50",10016,110002007,1.45,0.6,1.6,0.9,10000000,50
"development","production__R02__rep08__n10000000__T50",10017,110002008,1.45,0.6,1.6,0.9,10000000,50
"untouched","production__R02__rep09__n10000000__T50",10018,120002001,1.45,0.6,1.6,0.9,10000000,50
"development","production__R03__rep01__n10000000__T50",10019,110003001,1.55,1.4,0.7,2.2,10000000,50
"development","production__R03__rep02__n10000000__T50",10020,110003002,1.55,1.4,0.7,2.2,10000000,50
"development","production__R03__rep03__n10000000__T50",10021,110003003,1.55,1.4,0.7,2.2,10000000,50
"development","production__R03__rep04__n10000000__T50",10022,110003004,1.55,1.4,0.7,2.2,10000000,50
"development","production__R03__rep05__n10000000__T50",10023,110003005,1.55,1.4,0.7,2.2,10000000,50
"development","production__R03__rep06__n10000000__T50",10024,110003006,1.55,1.4,0.7,2.2,10000000,50
"development","production__R03__rep07__n10000000__T50",10025,110003007,1.55,1.4,0.7,2.2,10000000,50
"development","production__R03__rep08__n10000000__T50",10026,110003008,1.55,1.4,0.7,2.2,10000000,50
"untouched","production__R03__rep09__n10000000__T50",10027,120003001,1.55,1.4,0.7,2.2,10000000,50
"development","production__R04__rep01__n10000000__T50",10028,110004001,1.15,1.3,1.5,1.1,10000000,50
"development","production__R04__rep02__n10000000__T50",10029,110004002,1.15,1.3,1.5,1.1,10000000,50
"development","production__R04__rep03__n10000000__T50",10030,110004003,1.15,1.3,1.5,1.1,10000000,50
"development","production__R04__rep04__n10000000__T50",10031,110004004,1.15,1.3,1.5,1.1,10000000,50
"development","production__R04__rep05__n10000000__T50",10032,110004005,1.15,1.3,1.5,1.1,10000000,50
"development","production__R04__rep06__n10000000__T50",10033,110004006,1.15,1.3,1.5,1.1,10000000,50
"development","production__R04__rep07__n10000000__T50",10034,110004007,1.15,1.3,1.5,1.1,10000000,50
"development","production__R04__rep08__n10000000__T50",10035,110004008,1.15,1.3,1.5,1.1,10000000,50
"untouched","production__R04__rep09__n10000000__T50",10036,120004001,1.15,1.3,1.5,1.1,10000000,50
"development","production__R05__rep01__n10000000__T50",10037,110005001,1.4,0.7,1.3,1,10000000,50
"development","production__R05__rep02__n10000000__T50",10038,110005002,1.4,0.7,1.3,1,10000000,50
"development","production__R05__rep03__n10000000__T50",10039,110005003,1.4,0.7,1.3,1,10000000,50
"development","production__R05__rep04__n10000000__T50",10040,110005004,1.4,0.7,1.3,1,10000000,50
"development","production__R05__rep05__n10000000__T50",10041,110005005,1.4,0.7,1.3,1,10000000,50
"development","production__R05__rep06__n10000000__T50",10042,110005006,1.4,0.7,1.3,1,10000000,50
"development","production__R05__rep07__n10000000__T50",10043,110005007,1.4,0.7,1.3,1,10000000,50
"development","production__R05__rep08__n10000000__T50",10044,110005008,1.4,0.7,1.3,1,10000000,50
"untouched","production__R05__rep09__n10000000__T50",10045,120005001,1.4,0.7,1.3,1,10000000,50
"development","production__R06__rep01__n10000000__T50",10046,110006001,1.1,0.8,0.8,1.8,10000000,50
"development","production__R06__rep02__n10000000__T50",10047,110006002,1.1,0.8,0.8,1.8,10000000,50
"development","production__R06__rep03__n10000000__T50",10048,110006003,1.1,0.8,0.8,1.8,10000000,50
"development","production__R06__rep04__n10000000__T50",10049,110006004,1.1,0.8,0.8,1.8,10000000,50
"development","production__R06__rep05__n10000000__T50",10050,110006005,1.1,0.8,0.8,1.8,10000000,50
"development","production__R06__rep06__n10000000__T50",10051,110006006,1.1,0.8,0.8,1.8,10000000,50
"development","production__R06__rep07__n10000000__T50",10052,110006007,1.1,0.8,0.8,1.8,10000000,50
"development","production__R06__rep08__n10000000__T50",10053,110006008,1.1,0.8,0.8,1.8,10000000,50
"untouched","production__R06__rep09__n10000000__T50",10054,120006001,1.1,0.8,0.8,1.8,10000000,50
"development","production__R07__rep01__n10000000__T50",10055,110007001,1.58,1.25,0.85,1.05,10000000,50
"development","production__R07__rep02__n10000000__T50",10056,110007002,1.58,1.25,0.85,1.05,10000000,50
"development","production__R07__rep03__n10000000__T50",10057,110007003,1.58,1.25,0.85,1.05,10000000,50
"development","production__R07__rep04__n10000000__T50",10058,110007004,1.58,1.25,0.85,1.05,10000000,50
"development","production__R07__rep05__n10000000__T50",10059,110007005,1.58,1.25,0.85,1.05,10000000,50
"development","production__R07__rep06__n10000000__T50",10060,110007006,1.58,1.25,0.85,1.05,10000000,50
"development","production__R07__rep07__n10000000__T50",10061,110007007,1.58,1.25,0.85,1.05,10000000,50
"development","production__R07__rep08__n10000000__T50",10062,110007008,1.58,1.25,0.85,1.05,10000000,50
"untouched","production__R07__rep09__n10000000__T50",10063,120007001,1.58,1.25,0.85,1.05,10000000,50
"development","production__R08__rep01__n10000000__T50",10064,110008001,1.55,0.9,0.9,1.9,10000000,50
"development","production__R08__rep02__n10000000__T50",10065,110008002,1.55,0.9,0.9,1.9,10000000,50
"development","production__R08__rep03__n10000000__T50",10066,110008003,1.55,0.9,0.9,1.9,10000000,50
"development","production__R08__rep04__n10000000__T50",10067,110008004,1.55,0.9,0.9,1.9,10000000,50
"development","production__R08__rep05__n10000000__T50",10068,110008005,1.55,0.9,0.9,1.9,10000000,50
"development","production__R08__rep06__n10000000__T50",10069,110008006,1.55,0.9,0.9,1.9,10000000,50
"development","production__R08__rep07__n10000000__T50",10070,110008007,1.55,0.9,0.9,1.9,10000000,50
"development","production__R08__rep08__n10000000__T50",10071,110008008,1.55,0.9,0.9,1.9,10000000,50
"untouched","production__R08__rep09__n10000000__T50",10072,120008001,1.55,0.9,0.9,1.9,10000000,50
"development","production__R09__rep01__n10000000__T50",10073,110009001,1.55,1,1.6,1.2,10000000,50
"development","production__R09__rep02__n10000000__T50",10074,110009002,1.55,1,1.6,1.2,10000000,50
"development","production__R09__rep03__n10000000__T50",10075,110009003,1.55,1,1.6,1.2,10000000,50
"development","production__R09__rep04__n10000000__T50",10076,110009004,1.55,1,1.6,1.2,10000000,50
"development","production__R09__rep05__n10000000__T50",10077,110009005,1.55,1,1.6,1.2,10000000,50
"development","production__R09__rep06__n10000000__T50",10078,110009006,1.55,1,1.6,1.2,10000000,50
"development","production__R09__rep07__n10000000__T50",10079,110009007,1.55,1,1.6,1.2,10000000,50
"development","production__R09__rep08__n10000000__T50",10080,110009008,1.55,1,1.6,1.2,10000000,50
"untouched","production__R09__rep09__n10000000__T50",10081,120009001,1.55,1,1.6,1.2,10000000,50
"development","production__R10__rep01__n10000000__T50",10082,110010001,1.32,0.95,1.2,1.5,10000000,50
"development","production__R10__rep02__n10000000__T50",10083,110010002,1.32,0.95,1.2,1.5,10000000,50
"development","production__R10__rep03__n10000000__T50",10084,110010003,1.32,0.95,1.2,1.5,10000000,50
"development","production__R10__rep04__n10000000__T50",10085,110010004,1.32,0.95,1.2,1.5,10000000,50
"development","production__R10__rep05__n10000000__T50",10086,110010005,1.32,0.95,1.2,1.5,10000000,50
"development","production__R10__rep06__n10000000__T50",10087,110010006,1.32,0.95,1.2,1.5,10000000,50
"development","production__R10__rep07__n10000000__T50",10088,110010007,1.32,0.95,1.2,1.5,10000000,50
"development","production__R10__rep08__n10000000__T50",10089,110010008,1.32,0.95,1.2,1.5,10000000,50
"untouched","production__R10__rep09__n10000000__T50",10090,120010001,1.32,0.95,1.2,1.5,10000000,50
"development","production__R11__rep01__n10000000__T50",10091,110011001,1.25,1.1,0.7,1.9,10000000,50
"development","production__R11__rep02__n10000000__T50",10092,110011002,1.25,1.1,0.7,1.9,10000000,50
"development","production__R11__rep03__n10000000__T50",10093,110011003,1.25,1.1,0.7,1.9,10000000,50
"development","production__R11__rep04__n10000000__T50",10094,110011004,1.25,1.1,0.7,1.9,10000000,50
"development","production__R11__rep05__n10000000__T50",10095,110011005,1.25,1.1,0.7,1.9,10000000,50
"development","production__R11__rep06__n10000000__T50",10096,110011006,1.25,1.1,0.7,1.9,10000000,50
"development","production__R11__rep07__n10000000__T50",10097,110011007,1.25,1.1,0.7,1.9,10000000,50
"development","production__R11__rep08__n10000000__T50",10098,110011008,1.25,1.1,0.7,1.9,10000000,50
"untouched","production__R11__rep09__n10000000__T50",10099,120011001,1.25,1.1,0.7,1.9,10000000,50
"development","production__R12__rep01__n10000000__T50",10100,110012001,1.08,1.3,1,1.7,10000000,50
"development","production__R12__rep02__n10000000__T50",10101,110012002,1.08,1.3,1,1.7,10000000,50
"development","production__R12__rep03__n10000000__T50",10102,110012003,1.08,1.3,1,1.7,10000000,50
"development","production__R12__rep04__n10000000__T50",10103,110012004,1.08,1.3,1,1.7,10000000,50
"development","production__R12__rep05__n10000000__T50",10104,110012005,1.08,1.3,1,1.7,10000000,50
"development","production__R12__rep06__n10000000__T50",10105,110012006,1.08,1.3,1,1.7,10000000,50
"development","production__R12__rep07__n10000000__T50",10106,110012007,1.08,1.3,1,1.7,10000000,50
"development","production__R12__rep08__n10000000__T50",10107,110012008,1.08,1.3,1,1.7,10000000,50
"untouched","production__R12__rep09__n10000000__T50",10108,120012001,1.08,1.3,1,1.7,10000000,50
"development","infill__R01__rep01__n1000000__T50",10109,210001001,1.25,1,1.2,1.45,1000000,50
"development","infill__R01__rep02__n1000000__T50",10110,210001002,1.25,1,1.2,1.45,1000000,50
"development","infill__R01__rep03__n1000000__T50",10111,210001003,1.25,1,1.2,1.45,1000000,50
"development","infill__R02__rep01__n1000000__T50",10112,210002001,1.45,0.6,1.6,0.9,1000000,50
"development","infill__R02__rep02__n1000000__T50",10113,210002002,1.45,0.6,1.6,0.9,1000000,50
"development","infill__R02__rep03__n1000000__T50",10114,210002003,1.45,0.6,1.6,0.9,1000000,50
"development","infill__R03__rep01__n1000000__T50",10115,210003001,1.55,1.4,0.7,2.2,1000000,50
"development","infill__R03__rep02__n1000000__T50",10116,210003002,1.55,1.4,0.7,2.2,1000000,50
"development","infill__R03__rep03__n1000000__T50",10117,210003003,1.55,1.4,0.7,2.2,1000000,50
"development","infill__R04__rep01__n1000000__T50",10118,210004001,1.15,1.3,1.5,1.1,1000000,50
"development","infill__R04__rep02__n1000000__T50",10119,210004002,1.15,1.3,1.5,1.1,1000000,50
"development","infill__R04__rep03__n1000000__T50",10120,210004003,1.15,1.3,1.5,1.1,1000000,50
"development","infill__R05__rep01__n1000000__T50",10121,210005001,1.4,0.7,1.3,1,1000000,50
"development","infill__R05__rep02__n1000000__T50",10122,210005002,1.4,0.7,1.3,1,1000000,50
"development","infill__R05__rep03__n1000000__T50",10123,210005003,1.4,0.7,1.3,1,1000000,50
"development","infill__R06__rep01__n1000000__T50",10124,210006001,1.1,0.8,0.8,1.8,1000000,50
"development","infill__R06__rep02__n1000000__T50",10125,210006002,1.1,0.8,0.8,1.8,1000000,50
"development","infill__R06__rep03__n1000000__T50",10126,210006003,1.1,0.8,0.8,1.8,1000000,50
"development","infill__R07__rep01__n1000000__T50",10127,210007001,1.58,1.25,0.85,1.05,1000000,50
"development","infill__R07__rep02__n1000000__T50",10128,210007002,1.58,1.25,0.85,1.05,1000000,50
"development","infill__R07__rep03__n1000000__T50",10129,210007003,1.58,1.25,0.85,1.05,1000000,50
"development","infill__R08__rep01__n1000000__T50",10130,210008001,1.55,0.9,0.9,1.9,1000000,50
"development","infill__R08__rep02__n1000000__T50",10131,210008002,1.55,0.9,0.9,1.9,1000000,50
"development","infill__R08__rep03__n1000000__T50",10132,210008003,1.55,0.9,0.9,1.9,1000000,50
"development","infill__R09__rep01__n1000000__T50",10133,210009001,1.55,1,1.6,1.2,1000000,50
"development","infill__R09__rep02__n1000000__T50",10134,210009002,1.55,1,1.6,1.2,1000000,50
"development","infill__R09__rep03__n1000000__T50",10135,210009003,1.55,1,1.6,1.2,1000000,50
"development","infill__R10__rep01__n1000000__T50",10136,210010001,1.32,0.95,1.2,1.5,1000000,50
"development","infill__R10__rep02__n1000000__T50",10137,210010002,1.32,0.95,1.2,1.5,1000000,50
"development","infill__R10__rep03__n1000000__T50",10138,210010003,1.32,0.95,1.2,1.5,1000000,50
"development","infill__R11__rep01__n1000000__T50",10139,210011001,1.25,1.1,0.7,1.9,1000000,50
"development","infill__R11__rep02__n1000000__T50",10140,210011002,1.25,1.1,0.7,1.9,1000000,50
"development","infill__R11__rep03__n1000000__T50",10141,210011003,1.25,1.1,0.7,1.9,1000000,50
"development","infill__R12__rep01__n1000000__T50",10142,210012001,1.08,1.3,1,1.7,1000000,50
"development","infill__R12__rep02__n1000000__T50",10143,210012002,1.08,1.3,1,1.7,1000000,50
"development","infill__R12__rep03__n1000000__T50",10144,210012003,1.08,1.3,1,1.7,1000000,50
"development","infill__R01__rep01__n4000000__T50",10145,220001001,1.25,1,1.2,1.45,4000000,50
"development","infill__R01__rep02__n4000000__T50",10146,220001002,1.25,1,1.2,1.45,4000000,50
"development","infill__R01__rep03__n4000000__T50",10147,220001003,1.25,1,1.2,1.45,4000000,50
"development","infill__R02__rep01__n4000000__T50",10148,220002001,1.45,0.6,1.6,0.9,4000000,50
"development","infill__R02__rep02__n4000000__T50",10149,220002002,1.45,0.6,1.6,0.9,4000000,50
"development","infill__R02__rep03__n4000000__T50",10150,220002003,1.45,0.6,1.6,0.9,4000000,50
"development","infill__R03__rep01__n4000000__T50",10151,220003001,1.55,1.4,0.7,2.2,4000000,50
"development","infill__R03__rep02__n4000000__T50",10152,220003002,1.55,1.4,0.7,2.2,4000000,50
"development","infill__R03__rep03__n4000000__T50",10153,220003003,1.55,1.4,0.7,2.2,4000000,50
"development","infill__R04__rep01__n4000000__T50",10154,220004001,1.15,1.3,1.5,1.1,4000000,50
"development","infill__R04__rep02__n4000000__T50",10155,220004002,1.15,1.3,1.5,1.1,4000000,50
"development","infill__R04__rep03__n4000000__T50",10156,220004003,1.15,1.3,1.5,1.1,4000000,50
"development","infill__R05__rep01__n4000000__T50",10157,220005001,1.4,0.7,1.3,1,4000000,50
"development","infill__R05__rep02__n4000000__T50",10158,220005002,1.4,0.7,1.3,1,4000000,50
"development","infill__R05__rep03__n4000000__T50",10159,220005003,1.4,0.7,1.3,1,4000000,50
"development","infill__R06__rep01__n4000000__T50",10160,220006001,1.1,0.8,0.8,1.8,4000000,50
"development","infill__R06__rep02__n4000000__T50",10161,220006002,1.1,0.8,0.8,1.8,4000000,50
"development","infill__R06__rep03__n4000000__T50",10162,220006003,1.1,0.8,0.8,1.8,4000000,50
"development","infill__R07__rep01__n4000000__T50",10163,220007001,1.58,1.25,0.85,1.05,4000000,50
"development","infill__R07__rep02__n4000000__T50",10164,220007002,1.58,1.25,0.85,1.05,4000000,50
"development","infill__R07__rep03__n4000000__T50",10165,220007003,1.58,1.25,0.85,1.05,4000000,50
"development","infill__R08__rep01__n4000000__T50",10166,220008001,1.55,0.9,0.9,1.9,4000000,50
"development","infill__R08__rep02__n4000000__T50",10167,220008002,1.55,0.9,0.9,1.9,4000000,50
"development","infill__R08__rep03__n4000000__T50",10168,220008003,1.55,0.9,0.9,1.9,4000000,50
"development","infill__R09__rep01__n4000000__T50",10169,220009001,1.55,1,1.6,1.2,4000000,50
"development","infill__R09__rep02__n4000000__T50",10170,220009002,1.55,1,1.6,1.2,4000000,50
"development","infill__R09__rep03__n4000000__T50",10171,220009003,1.55,1,1.6,1.2,4000000,50
"development","infill__R10__rep01__n4000000__T50",10172,220010001,1.32,0.95,1.2,1.5,4000000,50
"development","infill__R10__rep02__n4000000__T50",10173,220010002,1.32,0.95,1.2,1.5,4000000,50
"development","infill__R10__rep03__n4000000__T50",10174,220010003,1.32,0.95,1.2,1.5,4000000,50
"development","infill__R11__rep01__n4000000__T50",10175,220011001,1.25,1.1,0.7,1.9,4000000,50
"development","infill__R11__rep02__n4000000__T50",10176,220011002,1.25,1.1,0.7,1.9,4000000,50
"development","infill__R11__rep03__n4000000__T50",10177,220011003,1.25,1.1,0.7,1.9,4000000,50
"development","infill__R12__rep01__n4000000__T50",10178,220012001,1.08,1.3,1,1.7,4000000,50
"development","infill__R12__rep02__n4000000__T50",10179,220012002,1.08,1.3,1,1.7,4000000,50
"development","infill__R12__rep03__n4000000__T50",10180,220012003,1.08,1.3,1,1.7,4000000,50
"development","long_span__R01__rep01__n2500000__T25",10181,310001001,1.25,1,1.2,1.45,2500000,25
"development","long_span__R01__rep02__n2500000__T25",10182,310001002,1.25,1,1.2,1.45,2500000,25
"development","long_span__R01__rep03__n2500000__T25",10183,310001003,1.25,1,1.2,1.45,2500000,25
"development","long_span__R02__rep01__n2500000__T25",10184,310002001,1.45,0.6,1.6,0.9,2500000,25
"development","long_span__R02__rep02__n2500000__T25",10185,310002002,1.45,0.6,1.6,0.9,2500000,25
"development","long_span__R02__rep03__n2500000__T25",10186,310002003,1.45,0.6,1.6,0.9,2500000,25
"development","long_span__R03__rep01__n2500000__T25",10187,310003001,1.55,1.4,0.7,2.2,2500000,25
"development","long_span__R03__rep02__n2500000__T25",10188,310003002,1.55,1.4,0.7,2.2,2500000,25
"development","long_span__R03__rep03__n2500000__T25",10189,310003003,1.55,1.4,0.7,2.2,2500000,25
"development","long_span__R04__rep01__n2500000__T25",10190,310004001,1.15,1.3,1.5,1.1,2500000,25
"development","long_span__R04__rep02__n2500000__T25",10191,310004002,1.15,1.3,1.5,1.1,2500000,25
"development","long_span__R04__rep03__n2500000__T25",10192,310004003,1.15,1.3,1.5,1.1,2500000,25
"development","long_span__R05__rep01__n2500000__T25",10193,310005001,1.4,0.7,1.3,1,2500000,25
"development","long_span__R05__rep02__n2500000__T25",10194,310005002,1.4,0.7,1.3,1,2500000,25
"development","long_span__R05__rep03__n2500000__T25",10195,310005003,1.4,0.7,1.3,1,2500000,25
"development","long_span__R12__rep01__n2500000__T25",10196,310012001,1.08,1.3,1,1.7,2500000,25
"development","long_span__R12__rep02__n2500000__T25",10197,310012002,1.08,1.3,1,1.7,2500000,25
"development","long_span__R12__rep03__n2500000__T25",10198,310012003,1.08,1.3,1,1.7,2500000,25
"development","long_span__R01__rep01__n5000000__T50",10199,320001001,1.25,1,1.2,1.45,5000000,50
"development","long_span__R01__rep02__n5000000__T50",10200,320001002,1.25,1,1.2,1.45,5000000,50
"development","long_span__R01__rep03__n5000000__T50",10201,320001003,1.25,1,1.2,1.45,5000000,50
"development","long_span__R02__rep01__n5000000__T50",10202,320002001,1.45,0.6,1.6,0.9,5000000,50
"development","long_span__R02__rep02__n5000000__T50",10203,320002002,1.45,0.6,1.6,0.9,5000000,50
"development","long_span__R02__rep03__n5000000__T50",10204,320002003,1.45,0.6,1.6,0.9,5000000,50
"development","long_span__R03__rep01__n5000000__T50",10205,320003001,1.55,1.4,0.7,2.2,5000000,50
"development","long_span__R03__rep02__n5000000__T50",10206,320003002,1.55,1.4,0.7,2.2,5000000,50
"development","long_span__R03__rep03__n5000000__T50",10207,320003003,1.55,1.4,0.7,2.2,5000000,50
"development","long_span__R04__rep01__n5000000__T50",10208,320004001,1.15,1.3,1.5,1.1,5000000,50
"development","long_span__R04__rep02__n5000000__T50",10209,320004002,1.15,1.3,1.5,1.1,5000000,50
"development","long_span__R04__rep03__n5000000__T50",10210,320004003,1.15,1.3,1.5,1.1,5000000,50
"development","long_span__R05__rep01__n5000000__T50",10211,320005001,1.4,0.7,1.3,1,5000000,50
"development","long_span__R05__rep02__n5000000__T50",10212,320005002,1.4,0.7,1.3,1,5000000,50
"development","long_span__R05__rep03__n5000000__T50",10213,320005003,1.4,0.7,1.3,1,5000000,50
"development","long_span__R12__rep01__n5000000__T50",10214,320012001,1.08,1.3,1,1.7,5000000,50
"development","long_span__R12__rep02__n5000000__T50",10215,320012002,1.08,1.3,1,1.7,5000000,50
"development","long_span__R12__rep03__n5000000__T50",10216,320012003,1.08,1.3,1,1.7,5000000,50
"development","long_span__R01__rep01__n10000000__T100",10217,330001001,1.25,1,1.2,1.45,10000000,100
"development","long_span__R01__rep02__n10000000__T100",10218,330001002,1.25,1,1.2,1.45,10000000,100
"development","long_span__R01__rep03__n10000000__T100",10219,330001003,1.25,1,1.2,1.45,10000000,100
"development","long_span__R02__rep01__n10000000__T100",10220,330002001,1.45,0.6,1.6,0.9,10000000,100
"development","long_span__R02__rep02__n10000000__T100",10221,330002002,1.45,0.6,1.6,0.9,10000000,100
"development","long_span__R02__rep03__n10000000__T100",10222,330002003,1.45,0.6,1.6,0.9,10000000,100
"development","long_span__R03__rep01__n10000000__T100",10223,330003001,1.55,1.4,0.7,2.2,10000000,100
"development","long_span__R03__rep02__n10000000__T100",10224,330003002,1.55,1.4,0.7,2.2,10000000,100
"development","long_span__R03__rep03__n10000000__T100",10225,330003003,1.55,1.4,0.7,2.2,10000000,100
"development","long_span__R04__rep01__n10000000__T100",10226,330004001,1.15,1.3,1.5,1.1,10000000,100
"development","long_span__R04__rep02__n10000000__T100",10227,330004002,1.15,1.3,1.5,1.1,10000000,100
"development","long_span__R04__rep03__n10000000__T100",10228,330004003,1.15,1.3,1.5,1.1,10000000,100
"development","long_span__R05__rep01__n10000000__T100",10229,330005001,1.4,0.7,1.3,1,10000000,100
"development","long_span__R05__rep02__n10000000__T100",10230,330005002,1.4,0.7,1.3,1,10000000,100
"development","long_span__R05__rep03__n10000000__T100",10231,330005003,1.4,0.7,1.3,1,10000000,100
"development","long_span__R12__rep01__n10000000__T100",10232,330012001,1.08,1.3,1,1.7,10000000,100
"development","long_span__R12__rep02__n10000000__T100",10233,330012002,1.08,1.3,1,1.7,10000000,100
"development","long_span__R12__rep03__n10000000__T100",10234,330012003,1.08,1.3,1,1.7,10000000,100
"development","heavy_tail_stress__R02__rep01__n10000000__T50",10235,410002001,1.45,0.6,1.6,0.9,10000000,50
"development","heavy_tail_stress__R02__rep02__n10000000__T50",10236,410002002,1.45,0.6,1.6,0.9,10000000,50
"development","heavy_tail_stress__R02__rep03__n10000000__T50",10237,410002003,1.45,0.6,1.6,0.9,10000000,50
"development","heavy_tail_stress__R02__rep04__n10000000__T50",10238,410002004,1.45,0.6,1.6,0.9,10000000,50
"development","heavy_tail_stress__R03__rep01__n10000000__T50",10239,410003001,1.55,1.4,0.7,2.2,10000000,50
"development","heavy_tail_stress__R03__rep02__n10000000__T50",10240,410003002,1.55,1.4,0.7,2.2,10000000,50
"development","heavy_tail_stress__R03__rep03__n10000000__T50",10241,410003003,1.55,1.4,0.7,2.2,10000000,50
"development","heavy_tail_stress__R03__rep04__n10000000__T50",10242,410003004,1.55,1.4,0.7,2.2,10000000,50
"development","heavy_tail_stress__R04__rep01__n10000000__T50",10243,410004001,1.15,1.3,1.5,1.1,10000000,50
"development","heavy_tail_stress__R04__rep02__n10000000__T50",10244,410004002,1.15,1.3,1.5,1.1,10000000,50
"development","heavy_tail_stress__R04__rep03__n10000000__T50",10245,410004003,1.15,1.3,1.5,1.1,10000000,50
"development","heavy_tail_stress__R04__rep04__n10000000__T50",10246,410004004,1.15,1.3,1.5,1.1,10000000,50
"development","heavy_tail_stress__R05__rep01__n10000000__T50",10247,410005001,1.4,0.7,1.3,1,10000000,50
"development","heavy_tail_stress__R05__rep02__n10000000__T50",10248,410005002,1.4,0.7,1.3,1,10000000,50
"development","heavy_tail_stress__R05__rep03__n10000000__T50",10249,410005003,1.4,0.7,1.3,1,10000000,50
"development","heavy_tail_stress__R05__rep04__n10000000__T50",10250,410005004,1.4,0.7,1.3,1,10000000,50
"development","heavy_tail_stress__R12__rep01__n10000000__T50",10251,410012001,1.08,1.3,1,1.7,10000000,50
"development","heavy_tail_stress__R12__rep02__n10000000__T50",10252,410012002,1.08,1.3,1,1.7,10000000,50
"development","heavy_tail_stress__R12__rep03__n10000000__T50",10253,410012003,1.08,1.3,1,1.7,10000000,50
"development","heavy_tail_stress__R12__rep04__n10000000__T50",10254,410012004,1.08,1.3,1,1.7,10000000,50
