"path","bytes","sha256"
"work\occupation_transition_clock_prototype.R","68141","218bcd323ba2e9b188b21cd182d316b99f1ed6a1d55ba0bd2e2c4b449f6fed6e"
"work\diagnose_markov_additive_endpoint_hmm.R","84444","35009392761613f2c61fe569001382492de9add14a09289216ce84c19b5c5334"
"work\diagnose_exact_cf_endpoint_hmm.R","49573","6a80f94705f34a114359261c5b91f5b53c215f27e0a1b13db16eb431fc07ef08"
"work\chunked_exact_endpoint_likelihood.R","4155","55ea5431dff46f4f0fc000c8c0496eb504e0103d02cf86e635e763008380d6b3"
"work\run_conditional_cf_endpoint_full_pipeline.R","15625","f09d5229e07bfec3e4a509241baeb3fe38df85548a9af7604ecb5d406ccda07d"
"rho_level4_oracle_residual_estimator.R","16061","c8690657da478294bfcade7fd5cc0df2d849ea6ebe54b40a38deb58d685fd87c"
"finite_window_corrected_rho_estimator.R","13775","d269782cf88542953d7526eb0e136fddb7a9a0a29886470f6ab84937787e23b9"
"work\run_finite_window_corrected_full_pipeline.R","7269","57042881c272bfa8bdfdd9a93179145aade44aa3cd3a0b38d135f22d6969b28e"
"outputs\cache\conditional_cf_endpoint_kernel_production.rds","61305934","3fb889a85e93af3a6c2782f02b06afae05a2ccf975d6ab430f078c94b5af032f"
"finite_window_correction_numerical_profiles.csv","55914","67bd5e44f0e54327a9e12119ffea4282a5a367810ca272dad475e1ad58909d55"
"overarching_profiles\finite_window_profile_n1000000_T50.csv","54176","81877f620ec6d3ae1565e8bc02e13ea54db8455a096c1ce1f3575bb96283130f"
"overarching_profiles\finite_window_profile_n2500000_T25.csv","55950","c36a16ea86167227f7395459fe6b41a46062bf239996bf9c6dc29f70d061d00d"
"overarching_profiles\finite_window_profile_n4000000_T50.csv","54673","732f92427126aa0cca0435c1a2d117a2efacbc897f8818cf59d9d82e51bec070"
"overarching_profiles\finite_window_profile_n5000000_T50.csv","55597","557e2ea7118627b38c81186a0434fa898947652f68e261896bf589d1e1983b4d"
"overarching_profiles\finite_window_profile_n10000000_T100.csv","55825","f9115395209b0d8b86e4c183d6ec007a154e116db57c5ebf37681e873ef38269"
"frozen_scenario_design.csv","1763","b1d88e7c98121c6d217ec1031d09f7cfd0abb34ebdd93ef800112fff422f9f1e"
"frozen_seed_manifest.csv","51385","0bcdfb88c91a6fee8167696f984c30f9812a21b42f6626af1d6d9cf00c438c8d"
"frozen_run_design.csv","25184","f3bf3306530fe3e902307240040ca6396f20ff453ad561e5b1e13ffc524c7f0f"
"work\freeze_overarching_validation_design.R","7866","00aef40b2c4abbae2ebd823301b46782350b6ece701abc608f58df899e603fc8"
"work\build_overarching_correction_profiles.R","5411","25754fb665cbdb89e87a9d0d7e12e000d2982228c349049c7d55c07f643fae3c"
"work\run_overarching_validation_batch.ps1","7531","5d51665c0e0067ffd7d71c69c494bc8bc48368eda5551ef98de9f4a26eb95b90"
"overarching_validation_protocol.md","5965","e874887f92970c284c7e5dfce57b3e71cda3d6eaa63efcfe37869333defc4ecb"
